No,Nama,Rating,Comments,links
1,Frame kacamata cat eye wanita (4 Variansi Lensa),3,Ga enakin bgt dipake nya biasa kalo beli kacamata ditoko lain minus 3 .25 selalu enakin dipakenya. Ini pusing bgt dipakenya parah kacamata nya jg bener² ga enakin dan gak nyaman dipakenya,https://shopee.co.id/(COD)-Frame-kacamata-cat-eye-wanita-GRATIS-Lensa-MINUS-Photocromic-minus-anti-radiasi-Kacamata-hitam-kacamata-fashion-i.616518273.14354284514
2,Frame kacamata cat eye wanita (4 Variansi Lensa),3,Barang lumayan Bagus ya . cuman pengemasan 3hari. Paket diperjalanan 4hari. Total hampir seminggu. Seperti belanja d luar negri,https://shopee.co.id/(COD)-Frame-kacamata-cat-eye-wanita-GRATIS-Lensa-MINUS-Photocromic-minus-anti-radiasi-Kacamata-hitam-kacamata-fashion-i.616518273.14354284514
3,Frame kacamata cat eye wanita (4 Variansi Lensa),3,Sayangnya frame sebelah kanan sudah lecet2 dan dipakainya merosot trus kurang kencang atau kurang megang,https://shopee.co.id/(COD)-Frame-kacamata-cat-eye-wanita-GRATIS-Lensa-MINUS-Photocromic-minus-anti-radiasi-Kacamata-hitam-kacamata-fashion-i.616518273.14354284514
4,Frame kacamata cat eye wanita (4 Variansi Lensa),3,Bahan bagus pengiriman cepat . dapet wadah lap sama air pembersih kacamata,https://shopee.co.id/(COD)-Frame-kacamata-cat-eye-wanita-GRATIS-Lensa-MINUS-Photocromic-minus-anti-radiasi-Kacamata-hitam-kacamata-fashion-i.616518273.14354284514
5,Frame kacamata cat eye wanita (4 Variansi Lensa),2,Baru seminggu dipake udah patah aja huhuhu,https://shopee.co.id/(COD)-Frame-kacamata-cat-eye-wanita-GRATIS-Lensa-MINUS-Photocromic-minus-anti-radiasi-Kacamata-hitam-kacamata-fashion-i.616518273.14354284514
6,Frame kacamata cat eye wanita (4 Variansi Lensa),2,kacamatanya bagus . tp lensanya bikin pusing. ditanyain ke seller katanya adaptasi saja. kayanya minus lensanya kurang. padahal saya beli 2 kacamata di waktu yg sama namun tempat lain . dan di kacamata yg lainnya tak ada masalah dengan lensa minusnya.,https://shopee.co.id/(COD)-Frame-kacamata-cat-eye-wanita-GRATIS-Lensa-MINUS-Photocromic-minus-anti-radiasi-Kacamata-hitam-kacamata-fashion-i.616518273.14354284514
7,Frame kacamata cat eye wanita (4 Variansi Lensa),4,Barang yg di pesan lengkap . sesuai dengan pesanan juga. Pengemasan & pengirimannnya lumayan. Tdk ada yg kurang maupun lebih. Terimakasih seller . belum di coba dibawah matahari dan layar laptop.,https://shopee.co.id/(COD)-Frame-kacamata-cat-eye-wanita-GRATIS-Lensa-MINUS-Photocromic-minus-anti-radiasi-Kacamata-hitam-kacamata-fashion-i.616518273.14354284514
8,Frame kacamata cat eye wanita (4 Variansi Lensa),4,kacamatanya bagus banget . pengiriman juga cepet cuma ada minus dibagian telinganya agak patah sedikit jadi copot terus . overall bagus kok cuma diperhatiin lagi ya min :'),https://shopee.co.id/(COD)-Frame-kacamata-cat-eye-wanita-GRATIS-Lensa-MINUS-Photocromic-minus-anti-radiasi-Kacamata-hitam-kacamata-fashion-i.616518273.14354284514
9,Frame kacamata cat eye wanita (4 Variansi Lensa),1,Pemasangan lensa tidak rapi tidak nyaman di gunakan frame ringkih ..nyesel sii,https://shopee.co.id/(COD)-Frame-kacamata-cat-eye-wanita-GRATIS-Lensa-MINUS-Photocromic-minus-anti-radiasi-Kacamata-hitam-kacamata-fashion-i.616518273.14354284514
10,Frame kacamata cat eye wanita (4 Variansi Lensa),5,Bagus banget kacamatanya simple tapi elegan pas udh dipake jadi bagus banget suka banget,https://shopee.co.id/(COD)-Frame-kacamata-cat-eye-wanita-GRATIS-Lensa-MINUS-Photocromic-minus-anti-radiasi-Kacamata-hitam-kacamata-fashion-i.616518273.14354284514
11,Frame kacamata Lentur(Paket frame+lensa),3,Barang sesuai yang di foto . Modelnya bagus . tapi sayang Pas di pakai Longgar Banget jadi kurang nyaman dipakai . nunduk aja bisa aja jatuh . Gagangnya juga gampang terkelupas . soalnya sudah ada goresan. Next nya lebih diperhatiin.,https://shopee.co.id/Frame-kacamata-LENTUR-(Paket-frame-lensa)-kacamata-photocromic-minus-kacamata-antiradiasi-kacamata-murah-kacamata-fashion-kacamata-kekinian-kacamata-pria-wanita-kacamata-photocromic-kacamata-minus-kacamata-2127-i.616518273.15048739385?sp_atk=2a557581-f358-47a6-9b3c-54484751c64d&xptdk=2a557581-f358-47a6-9b3c-54484751c64d
12,Frame kacamata Lentur(Paket frame+lensa),3,pengiriman supeeeeeerrŕr lamaaa....kapok dah,https://shopee.co.id/Frame-kacamata-LENTUR-(Paket-frame-lensa)-kacamata-photocromic-minus-kacamata-antiradiasi-kacamata-murah-kacamata-fashion-kacamata-kekinian-kacamata-pria-wanita-kacamata-photocromic-kacamata-minus-kacamata-2127-i.616518273.15048739385?sp_atk=2a557581-f358-47a6-9b3c-54484751c64d&xptdk=2a557581-f358-47a6-9b3c-54484751c64d
13,Frame kacamata Lentur(Paket frame+lensa),3,Ada baret dilensa nya,https://shopee.co.id/Frame-kacamata-LENTUR-(Paket-frame-lensa)-kacamata-photocromic-minus-kacamata-antiradiasi-kacamata-murah-kacamata-fashion-kacamata-kekinian-kacamata-pria-wanita-kacamata-photocromic-kacamata-minus-kacamata-2127-i.616518273.15048739385?sp_atk=2a557581-f358-47a6-9b3c-54484751c64d&xptdk=2a557581-f358-47a6-9b3c-54484751c64d
14,Frame kacamata Lentur(Paket frame+lensa),3,Tangkai nya menurut saya kurang kokoh . trs pas pemotongang kaca sedikit sekali kurang rapi . . . . tapi kalo di nilai keseluruhan ya 80 lah... puas dengan barang nya . . . . cuma pengiriman nya menurut saya lama . mungkin karna gratis ongkir jadi lama,https://shopee.co.id/Frame-kacamata-LENTUR-(Paket-frame-lensa)-kacamata-photocromic-minus-kacamata-antiradiasi-kacamata-murah-kacamata-fashion-kacamata-kekinian-kacamata-pria-wanita-kacamata-photocromic-kacamata-minus-kacamata-2127-i.616518273.15048739385?sp_atk=2a557581-f358-47a6-9b3c-54484751c64d&xptdk=2a557581-f358-47a6-9b3c-54484751c64d
15,Frame kacamata Lentur(Paket frame+lensa),2,kaca mata depan nya gak pas ada yang terlalu maju kali ada yang bengkok  . habis itu gagang kaca mata gak simetris jadi kelihatan mireng kalo di pake..,https://shopee.co.id/Frame-kacamata-LENTUR-(Paket-frame-lensa)-kacamata-photocromic-minus-kacamata-antiradiasi-kacamata-murah-kacamata-fashion-kacamata-kekinian-kacamata-pria-wanita-kacamata-photocromic-kacamata-minus-kacamata-2127-i.616518273.15048739385?sp_atk=2a557581-f358-47a6-9b3c-54484751c64d&xptdk=2a557581-f358-47a6-9b3c-54484751c64d
16,Frame kacamata Lentur(Paket frame+lensa),2,agak kurang pas waktu dipake,https://shopee.co.id/Frame-kacamata-LENTUR-(Paket-frame-lensa)-kacamata-photocromic-minus-kacamata-antiradiasi-kacamata-murah-kacamata-fashion-kacamata-kekinian-kacamata-pria-wanita-kacamata-photocromic-kacamata-minus-kacamata-2127-i.616518273.15048739385?sp_atk=2a557581-f358-47a6-9b3c-54484751c64d&xptdk=2a557581-f358-47a6-9b3c-54484751c64d
17,Frame kacamata Lentur(Paket frame+lensa),4,cepet sampainya karna sama2 di priok tp sayang kacamatanya miring jd di pakai tidak nyaman hrs ke optik lg minta tolong benerin selebihnya good,https://shopee.co.id/Frame-kacamata-LENTUR-(Paket-frame-lensa)-kacamata-photocromic-minus-kacamata-antiradiasi-kacamata-murah-kacamata-fashion-kacamata-kekinian-kacamata-pria-wanita-kacamata-photocromic-kacamata-minus-kacamata-2127-i.616518273.15048739385?sp_atk=2a557581-f358-47a6-9b3c-54484751c64d&xptdk=2a557581-f358-47a6-9b3c-54484751c64d
18,Frame kacamata Lentur(Paket frame+lensa),4,Penjualnya cepat respon terimakasih barangnya bagus,https://shopee.co.id/Frame-kacamata-LENTUR-(Paket-frame-lensa)-kacamata-photocromic-minus-kacamata-antiradiasi-kacamata-murah-kacamata-fashion-kacamata-kekinian-kacamata-pria-wanita-kacamata-photocromic-kacamata-minus-kacamata-2127-i.616518273.15048739385?sp_atk=2a557581-f358-47a6-9b3c-54484751c64d&xptdk=2a557581-f358-47a6-9b3c-54484751c64d
19,Frame kacamata Lentur(Paket frame+lensa),1,Kekecilan bgt,https://shopee.co.id/Frame-kacamata-LENTUR-(Paket-frame-lensa)-kacamata-photocromic-minus-kacamata-antiradiasi-kacamata-murah-kacamata-fashion-kacamata-kekinian-kacamata-pria-wanita-kacamata-photocromic-kacamata-minus-kacamata-2127-i.616518273.15048739385?sp_atk=2a557581-f358-47a6-9b3c-54484751c64d&xptdk=2a557581-f358-47a6-9b3c-54484751c64d
20,Frame kacamata Lentur(Paket frame+lensa),5,Mantap dapat lap dan cairan pembersihnya . untuk photocromicnya belum dicoba,https://shopee.co.id/Frame-kacamata-LENTUR-(Paket-frame-lensa)-kacamata-photocromic-minus-kacamata-antiradiasi-kacamata-murah-kacamata-fashion-kacamata-kekinian-kacamata-pria-wanita-kacamata-photocromic-kacamata-minus-kacamata-2127-i.616518273.15048739385?sp_atk=2a557581-f358-47a6-9b3c-54484751c64d&xptdk=2a557581-f358-47a6-9b3c-54484751c64d
21,Frame kacamata wanita (Paket frame+lensa),3,Frame nya bagus. Sayangnya agak miring waktu dipake.,https://shopee.co.id/Frame-kacamata-wanita-(Paket-frame-lensa)-kacamata-cat-eye-kacamata-minus-kacamata-anti-radiasi-lensa-photocromic-kacamata-wanita-hitam-kacamata-cat-eye-wanita-kacamata-murah-kacamata-fashion-kacamata-kekinian-kacamata-98525-cat-eye-i.616518273.15050664302
22,Frame kacamata wanita (Paket frame+lensa),3,kurang rapih lem antara frame sama kacanya terus kacanya juga ada yang gompal,https://shopee.co.id/Frame-kacamata-wanita-(Paket-frame-lensa)-kacamata-cat-eye-kacamata-minus-kacamata-anti-radiasi-lensa-photocromic-kacamata-wanita-hitam-kacamata-cat-eye-wanita-kacamata-murah-kacamata-fashion-kacamata-kekinian-kacamata-98525-cat-eye-i.616518273.15050664302
23,Frame kacamata wanita (Paket frame+lensa),3,Suka si tp berat bgt. Dan blm lama pake pdhal gak jatoh gak apa eh Retak bagian frame nya. Pengirimannya lama bgt. Sampe emosi. Dr pihak penjual dan pihak expedisi juga lama. Pdhal pake yg nextday bayar 18rb . Gak pake yg gratis ongkiran.,https://shopee.co.id/Frame-kacamata-wanita-(Paket-frame-lensa)-kacamata-cat-eye-kacamata-minus-kacamata-anti-radiasi-lensa-photocromic-kacamata-wanita-hitam-kacamata-cat-eye-wanita-kacamata-murah-kacamata-fashion-kacamata-kekinian-kacamata-98525-cat-eye-i.616518273.15050664302
24,Frame kacamata wanita (Paket frame+lensa),3,Berat kalu di pake . sama ternyata frame kacamata ada goldnya . saya kira bener2 bening,https://shopee.co.id/Frame-kacamata-wanita-(Paket-frame-lensa)-kacamata-cat-eye-kacamata-minus-kacamata-anti-radiasi-lensa-photocromic-kacamata-wanita-hitam-kacamata-cat-eye-wanita-kacamata-murah-kacamata-fashion-kacamata-kekinian-kacamata-98525-cat-eye-i.616518273.15050664302
25,Frame kacamata wanita (Paket frame+lensa),2,Kacamatanya bagus . lensa juga photocromic. Tapi minus yang saya pesan dan yang datang beda . dipakai pun ga keliatan sama sekali. setelah saya bawa ke optik dan di cek ternyata beneran bukan minus 4. ,https://shopee.co.id/Frame-kacamata-wanita-(Paket-frame-lensa)-kacamata-cat-eye-kacamata-minus-kacamata-anti-radiasi-lensa-photocromic-kacamata-wanita-hitam-kacamata-cat-eye-wanita-kacamata-murah-kacamata-fashion-kacamata-kekinian-kacamata-98525-cat-eye-i.616518273.15050664302
26,Frame kacamata wanita (Paket frame+lensa),2,bagus . tapi ada karat dibagian yg di foto . pengiriman lama bgt . warna yg dikirim dengan yg dipesan beda . di gambar abu2 muda di kirim abu2 tua,https://shopee.co.id/Frame-kacamata-wanita-(Paket-frame-lensa)-kacamata-cat-eye-kacamata-minus-kacamata-anti-radiasi-lensa-photocromic-kacamata-wanita-hitam-kacamata-cat-eye-wanita-kacamata-murah-kacamata-fashion-kacamata-kekinian-kacamata-98525-cat-eye-i.616518273.15050664302
27,Frame kacamata wanita (Paket frame+lensa),4,kacamatanya enteng . tapi ini ga terlihat murahan . kacamatanya pas dimuka aku . framenya terbuat dari plastik termasuk gagangnya . nosepadnya agak kendor tapi masih bisa dipakai dan gagangnya sedikit ga seimbang tpi saat dipakai masih nyaman,https://shopee.co.id/Frame-kacamata-wanita-(Paket-frame-lensa)-kacamata-cat-eye-kacamata-minus-kacamata-anti-radiasi-lensa-photocromic-kacamata-wanita-hitam-kacamata-cat-eye-wanita-kacamata-murah-kacamata-fashion-kacamata-kekinian-kacamata-98525-cat-eye-i.616518273.15050664302
28,Frame kacamata wanita (Paket frame+lensa),4,Aga lama yaa . 6hari baru sampe. Bagus sih over all buat harga segitu . masih adaptasi jd aga mual pakenya hehe sukses trus ka,https://shopee.co.id/Frame-kacamata-wanita-(Paket-frame-lensa)-kacamata-cat-eye-kacamata-minus-kacamata-anti-radiasi-lensa-photocromic-kacamata-wanita-hitam-kacamata-cat-eye-wanita-kacamata-murah-kacamata-fashion-kacamata-kekinian-kacamata-98525-cat-eye-i.616518273.15050664302
29,Frame kacamata wanita (Paket frame+lensa),1,sorry banget tadinya ngga mau kasih bintang 1 tapi karena sudah ajukan keluhan bahwa kacamata frame patah sebelah jadinya miring dan sudah kirim unboxing di wa tidak ada respon jadi terpaksa,https://shopee.co.id/Frame-kacamata-wanita-(Paket-frame-lensa)-kacamata-cat-eye-kacamata-minus-kacamata-anti-radiasi-lensa-photocromic-kacamata-wanita-hitam-kacamata-cat-eye-wanita-kacamata-murah-kacamata-fashion-kacamata-kekinian-kacamata-98525-cat-eye-i.616518273.15050664302
30,Frame kacamata wanita (Paket frame+lensa),5,sesuai banget sama ekspetasi aku . kacamatanya benar-benar bagus . cantik elegan dan mewah juga. Pokoknya suka banget deh . pengirimannya juga cepat banget hanya satu hari.,https://shopee.co.id/Frame-kacamata-wanita-(Paket-frame-lensa)-kacamata-cat-eye-kacamata-minus-kacamata-anti-radiasi-lensa-photocromic-kacamata-wanita-hitam-kacamata-cat-eye-wanita-kacamata-murah-kacamata-fashion-kacamata-kekinian-kacamata-98525-cat-eye-i.616518273.15050664302
31,Frame kacamata fashion ,3,Kacamatanya bagus sih sukaaa . cuma air nya tumpah. Kacamata nya tempat nya juga basah . Dateng² bubble wrap nya basah juga bau air kacamata nya. Tolong kalo emang airnya kondisi tempatnya rusak ya di ganti ya kaa jangan di paksain di lakban gitu jadi basah semua ini  overall yg lain aman sih cuma karna airnya tumpah aja jadi bau kemana mana dan basah,https://shopee.co.id/Frame-kacamata-fashion-CAT-EYE-(paket-frame-lensa)-kacamata-minus-photocromic-kacamata-anti-radiasi-kacamata-fashion-kacamata-wanita-kacamata-cat-eye-wanita-kacamata-hitam-wanita-frame-kacamata-lensa-photocromic-lensa-minus-cat-eye-i.616518273.17933993400?xptdk=60ff710f-ad00-4255-b34c-f9943c9d87a2
32,Frame kacamata fashion ,3,maaf ya . aq pesen 6 semua warna .. yg dtg pink nya 2 ... lain x lebih hati hati yahhh.. dn kacamatanya bagus ko . sesuai dg lensa ku . gk ada yg knp knp eih.. kecewanya cm sama warna ... makasihh,https://shopee.co.id/Frame-kacamata-fashion-CAT-EYE-(paket-frame-lensa)-kacamata-minus-photocromic-kacamata-anti-radiasi-kacamata-fashion-kacamata-wanita-kacamata-cat-eye-wanita-kacamata-hitam-wanita-frame-kacamata-lensa-photocromic-lensa-minus-cat-eye-i.616518273.17933993400?xptdk=60ff710f-ad00-4255-b34c-f9943c9d87a2
33,Frame kacamata fashion ,3,bagus sebenernya tp warna dari kacamatanya ngestain di wajah dan juga di lap… udh terus aku semprot tp warnanya ttp luntur dan stain..,https://shopee.co.id/Frame-kacamata-fashion-CAT-EYE-(paket-frame-lensa)-kacamata-minus-photocromic-kacamata-anti-radiasi-kacamata-fashion-kacamata-wanita-kacamata-cat-eye-wanita-kacamata-hitam-wanita-frame-kacamata-lensa-photocromic-lensa-minus-cat-eye-i.616518273.17933993400?xptdk=60ff710f-ad00-4255-b34c-f9943c9d87a2
34,Frame kacamata fashion ,3,Masa gada photocromic nyaa padahal udh outdoor seharian,https://shopee.co.id/Frame-kacamata-fashion-CAT-EYE-(paket-frame-lensa)-kacamata-minus-photocromic-kacamata-anti-radiasi-kacamata-fashion-kacamata-wanita-kacamata-cat-eye-wanita-kacamata-hitam-wanita-frame-kacamata-lensa-photocromic-lensa-minus-cat-eye-i.616518273.17933993400?xptdk=60ff710f-ad00-4255-b34c-f9943c9d87a2
35,Frame kacamata fashion ,2,Kecewa . minus beda sebelah.. respon admin lama sekali..,https://shopee.co.id/Frame-kacamata-fashion-CAT-EYE-(paket-frame-lensa)-kacamata-minus-photocromic-kacamata-anti-radiasi-kacamata-fashion-kacamata-wanita-kacamata-cat-eye-wanita-kacamata-hitam-wanita-frame-kacamata-lensa-photocromic-lensa-minus-cat-eye-i.616518273.17933993400?xptdk=60ff710f-ad00-4255-b34c-f9943c9d87a2
36,Frame kacamata fashion ,2,Maksud hati komplain dulu di chat biar gak usah rating bintang satu. Sampe bulak balik 2x ke optik buat ngecek + videoin bukti kalo request-an lensa gak sesuai dan ada silinder.,https://shopee.co.id/Frame-kacamata-fashion-CAT-EYE-(paket-frame-lensa)-kacamata-minus-photocromic-kacamata-anti-radiasi-kacamata-fashion-kacamata-wanita-kacamata-cat-eye-wanita-kacamata-hitam-wanita-frame-kacamata-lensa-photocromic-lensa-minus-cat-eye-i.616518273.17933993400?xptdk=60ff710f-ad00-4255-b34c-f9943c9d87a2
37,Frame kacamata fashion ,4,Sumpah kaget banget dg barangnya yg begitu cuantiik nan bagus syekaleee frame'nya tebel. . .pokok intinya kagak kaleng² loh puas sekali loh aku,https://shopee.co.id/Frame-kacamata-fashion-CAT-EYE-(paket-frame-lensa)-kacamata-minus-photocromic-kacamata-anti-radiasi-kacamata-fashion-kacamata-wanita-kacamata-cat-eye-wanita-kacamata-hitam-wanita-frame-kacamata-lensa-photocromic-lensa-minus-cat-eye-i.616518273.17933993400?xptdk=60ff710f-ad00-4255-b34c-f9943c9d87a2
38,Frame kacamata fashion ,4,Pesanannya sesuai dengan foto produknya hanya ps pake lensa ga bisa dipakai jalan hanya bisa baca kl jalan pusing,https://shopee.co.id/Frame-kacamata-fashion-CAT-EYE-(paket-frame-lensa)-kacamata-minus-photocromic-kacamata-anti-radiasi-kacamata-fashion-kacamata-wanita-kacamata-cat-eye-wanita-kacamata-hitam-wanita-frame-kacamata-lensa-photocromic-lensa-minus-cat-eye-i.616518273.17933993400?xptdk=60ff710f-ad00-4255-b34c-f9943c9d87a2
39,Frame kacamata fashion ,1,Beli yg potocromic dikirim yg biasa . warna kaca tidak berubah ketika kena sinar matahari . pengiriman lama.,https://shopee.co.id/Frame-kacamata-fashion-CAT-EYE-(paket-frame-lensa)-kacamata-minus-photocromic-kacamata-anti-radiasi-kacamata-fashion-kacamata-wanita-kacamata-cat-eye-wanita-kacamata-hitam-wanita-frame-kacamata-lensa-photocromic-lensa-minus-cat-eye-i.616518273.17933993400?xptdk=60ff710f-ad00-4255-b34c-f9943c9d87a2
40,Frame kacamata fashion ,5,Bagus banget . proses pengerjaan cepat sekali . pengiriman cepat . respons penjual baik sekali... Highly recomend pokoknyaa... In shaa Allah gak bakal nyesel pesen dsni,https://shopee.co.id/Frame-kacamata-fashion-CAT-EYE-(paket-frame-lensa)-kacamata-minus-photocromic-kacamata-anti-radiasi-kacamata-fashion-kacamata-wanita-kacamata-cat-eye-wanita-kacamata-hitam-wanita-frame-kacamata-lensa-photocromic-lensa-minus-cat-eye-i.616518273.17933993400?xptdk=60ff710f-ad00-4255-b34c-f9943c9d87a2
41,Kacamata Korea Fashion Sunglasses KM128 Kacamata Hitam Import Unisex Wanita/Pria,3,Kacamata ini tdk dikirim .tapi uangq tdk dikembalikan. ini aq mau pesan lagi bragk ditoko ini.tpi gmn solusinya ini mba,https://shopee.co.id/(27AN.ID)-Kacamata-Korea-Fashion-Sunglasses-KM128-Kacamata-Hitam-Import-Unisex-Wanita-Pria-i.30687055.6262554113?sp_atk=0c05115d-1326-423a-a4e1-f48a6b4041ad&xptdk=0c05115d-1326-423a-a4e1-f48a6b4041ad
42,Kacamata Korea Fashion Sunglasses KM128 Kacamata Hitam Import Unisex Wanita/Pria,3,Sebenarnya kacamata nya bagus tapi sayangnya gagangnya patah tapi gpp tidak usah return,https://shopee.co.id/(27AN.ID)-Kacamata-Korea-Fashion-Sunglasses-KM128-Kacamata-Hitam-Import-Unisex-Wanita-Pria-i.30687055.6262554113?sp_atk=0c05115d-1326-423a-a4e1-f48a6b4041ad&xptdk=0c05115d-1326-423a-a4e1-f48a6b4041ad
43,Kacamata Korea Fashion Sunglasses KM128 Kacamata Hitam Import Unisex Wanita/Pria,3,aduh maap ya sebenarnya kacamatanya bagus untuk harga segitu cuman yang sangat disayangkan kenapa bau kacamata nya  . sampe aku cuci masih ttp bau  . baunya seperti (pup bayi ) kalo menurut aku  . ada yang sama gasih kaya aku ? kaya kecewa aja sama baunya,https://shopee.co.id/(27AN.ID)-Kacamata-Korea-Fashion-Sunglasses-KM128-Kacamata-Hitam-Import-Unisex-Wanita-Pria-i.30687055.6262554113?sp_atk=0c05115d-1326-423a-a4e1-f48a6b4041ad&xptdk=0c05115d-1326-423a-a4e1-f48a6b4041ad
44,Kacamata Korea Fashion Sunglasses KM128 Kacamata Hitam Import Unisex Wanita/Pria,3,Buat harga segini cukup  . karna ga dapet tempat kacamata Dan kacamata pas dipake ada bau lem yg kecium . tp mudah2an lama lama ilang,https://shopee.co.id/(27AN.ID)-Kacamata-Korea-Fashion-Sunglasses-KM128-Kacamata-Hitam-Import-Unisex-Wanita-Pria-i.30687055.6262554113?sp_atk=0c05115d-1326-423a-a4e1-f48a6b4041ad&xptdk=0c05115d-1326-423a-a4e1-f48a6b4041ad
45,Kacamata Korea Fashion Sunglasses KM128 Kacamata Hitam Import Unisex Wanita/Pria,2,Baru datang saya buka kacamata patah gak ada kardusnya jadi mudah patah,https://shopee.co.id/(27AN.ID)-Kacamata-Korea-Fashion-Sunglasses-KM128-Kacamata-Hitam-Import-Unisex-Wanita-Pria-i.30687055.6262554113?sp_atk=0c05115d-1326-423a-a4e1-f48a6b4041ad&xptdk=0c05115d-1326-423a-a4e1-f48a6b4041ad
46,Kacamata Korea Fashion Sunglasses KM128 Kacamata Hitam Import Unisex Wanita/Pria,2,Tdnya g mau ksh bintang 2. Tp krn adminya lelet ga cekatan dlm proses keluhan ya yasyudahlah,https://shopee.co.id/(27AN.ID)-Kacamata-Korea-Fashion-Sunglasses-KM128-Kacamata-Hitam-Import-Unisex-Wanita-Pria-i.30687055.6262554113?sp_atk=0c05115d-1326-423a-a4e1-f48a6b4041ad&xptdk=0c05115d-1326-423a-a4e1-f48a6b4041ad
47,Kacamata Korea Fashion Sunglasses KM128 Kacamata Hitam Import Unisex Wanita/Pria,4,Paket sudah datang pengiriman cepat  .barang y ok  .bagus harga terjangkau murah,https://shopee.co.id/(27AN.ID)-Kacamata-Korea-Fashion-Sunglasses-KM128-Kacamata-Hitam-Import-Unisex-Wanita-Pria-i.30687055.6262554113?sp_atk=0c05115d-1326-423a-a4e1-f48a6b4041ad&xptdk=0c05115d-1326-423a-a4e1-f48a6b4041ad
48,Kacamata Korea Fashion Sunglasses KM128 Kacamata Hitam Import Unisex Wanita/Pria,4,Gak dapet koin . percuma penilaian,https://shopee.co.id/(27AN.ID)-Kacamata-Korea-Fashion-Sunglasses-KM128-Kacamata-Hitam-Import-Unisex-Wanita-Pria-i.30687055.6262554113?sp_atk=0c05115d-1326-423a-a4e1-f48a6b4041ad&xptdk=0c05115d-1326-423a-a4e1-f48a6b4041ad
49,Kacamata Korea Fashion Sunglasses KM128 Kacamata Hitam Import Unisex Wanita/Pria,1,Ga bagussssss bangettt kacamatanya miring .trus ada bolongnya lagii  .ga sesuai realita zonk,https://shopee.co.id/(27AN.ID)-Kacamata-Korea-Fashion-Sunglasses-KM128-Kacamata-Hitam-Import-Unisex-Wanita-Pria-i.30687055.6262554113?sp_atk=0c05115d-1326-423a-a4e1-f48a6b4041ad&xptdk=0c05115d-1326-423a-a4e1-f48a6b4041ad
50,Kacamata Korea Fashion Sunglasses KM128 Kacamata Hitam Import Unisex Wanita/Pria,5,Sesuai ekpetasi.. Liat testimoni bagus semua.. Nyata nya beneran bagus dgn hrga 11rb an aja.. Ga terlihat murah.. Wahh suka.. Packing nya juga aman,https://shopee.co.id/(27AN.ID)-Kacamata-Korea-Fashion-Sunglasses-KM128-Kacamata-Hitam-Import-Unisex-Wanita-Pria-i.30687055.6262554113?sp_atk=0c05115d-1326-423a-a4e1-f48a6b4041ad&xptdk=0c05115d-1326-423a-a4e1-f48a6b4041ad
51,Kacamata Korea Fashion Sunglasses KM128 Kacamata Hitam Import Unisex Wanita/Pria,3,Bagus banget sebenarnya tapi sayang kacanya retak pecah .,https://shopee.co.id/(27AN.ID)-Kacamata-Korea-Fashion-Sunglasses-KM128-Kacamata-Hitam-Import-Unisex-Wanita-Pria-i.30687055.6262554113?sp_atk=0c05115d-1326-423a-a4e1-f48a6b4041ad&xptdk=0c05115d-1326-423a-a4e1-f48a6b4041ad
52,Kacamata Korea Fashion Sunglasses KM128 Kacamata Hitam Import Unisex Wanita/Pria,3,Barangnya salah kirim yg sampai beda dengan yg dipoto untung yg datang lumayan bagus juga jadi ya sudahlah,https://shopee.co.id/(27AN.ID)-Kacamata-Korea-Fashion-Sunglasses-KM128-Kacamata-Hitam-Import-Unisex-Wanita-Pria-i.30687055.6262554113?sp_atk=0c05115d-1326-423a-a4e1-f48a6b4041ad&xptdk=0c05115d-1326-423a-a4e1-f48a6b4041ad
53,Kacamata Korea Fashion Sunglasses KM128 Kacamata Hitam Import Unisex Wanita/Pria,3,Bungkusnya gak bagus banget...dipake plastik doang... pengiriman nya lama...nyesel,https://shopee.co.id/(27AN.ID)-Kacamata-Korea-Fashion-Sunglasses-KM128-Kacamata-Hitam-Import-Unisex-Wanita-Pria-i.30687055.6262554113?sp_atk=0c05115d-1326-423a-a4e1-f48a6b4041ad&xptdk=0c05115d-1326-423a-a4e1-f48a6b4041ad
54,Kacamata Korea Fashion Sunglasses KM128 Kacamata Hitam Import Unisex Wanita/Pria,3,Pas dateng bagian kanan kacamata retak dan bengkok gitu tp masih bisa dibenerin sih:( but overall baguss kokk!,https://shopee.co.id/(27AN.ID)-Kacamata-Korea-Fashion-Sunglasses-KM128-Kacamata-Hitam-Import-Unisex-Wanita-Pria-i.30687055.6262554113?sp_atk=0c05115d-1326-423a-a4e1-f48a6b4041ad&xptdk=0c05115d-1326-423a-a4e1-f48a6b4041ad
55,Kacamata Korea Fashion Sunglasses KM128 Kacamata Hitam Import Unisex Wanita/Pria,2,"Bagian kacanya kendur goyang"" . gagangnya ada karatnya gitu saya dari awal sudah bilang mau dipakai Sabtu saya tanya bisa kirim secepatnya atau engga bilangnya akan dikirim secepatnya dikemas lama banget. Dari awal bilang harusnya ga bisa kirim cepet.",https://shopee.co.id/(27AN.ID)-Kacamata-Korea-Fashion-Sunglasses-KM128-Kacamata-Hitam-Import-Unisex-Wanita-Pria-i.30687055.6262554113?sp_atk=0c05115d-1326-423a-a4e1-f48a6b4041ad&xptdk=0c05115d-1326-423a-a4e1-f48a6b4041ad
56,Kacamata Korea Fashion Sunglasses KM128 Kacamata Hitam Import Unisex Wanita/Pria,2,Untung muraaah! Pas dibuka copot susah dipasangnya dan gak full. Kacamatanya bau banget aslikkkk!,https://shopee.co.id/(27AN.ID)-Kacamata-Korea-Fashion-Sunglasses-KM128-Kacamata-Hitam-Import-Unisex-Wanita-Pria-i.30687055.6262554113?sp_atk=0c05115d-1326-423a-a4e1-f48a6b4041ad&xptdk=0c05115d-1326-423a-a4e1-f48a6b4041ad
57,Kacamata Korea Fashion Sunglasses KM128 Kacamata Hitam Import Unisex Wanita/Pria,4,Tidak mengecewakan.. Harga mungkin murah.. Tapi barangnya mewah..,https://shopee.co.id/(27AN.ID)-Kacamata-Korea-Fashion-Sunglasses-KM128-Kacamata-Hitam-Import-Unisex-Wanita-Pria-i.30687055.6262554113?sp_atk=0c05115d-1326-423a-a4e1-f48a6b4041ad&xptdk=0c05115d-1326-423a-a4e1-f48a6b4041ad
58,Kacamata Korea Fashion Sunglasses KM128 Kacamata Hitam Import Unisex Wanita/Pria,4,Barang sampai dengan aman. But aku gak sukanya ternyata frame nya besar banget n diameter kacamatanya agak kekecilan buat aku,https://shopee.co.id/(27AN.ID)-Kacamata-Korea-Fashion-Sunglasses-KM128-Kacamata-Hitam-Import-Unisex-Wanita-Pria-i.30687055.6262554113?sp_atk=0c05115d-1326-423a-a4e1-f48a6b4041ad&xptdk=0c05115d-1326-423a-a4e1-f48a6b4041ad
59,Kacamata Korea Fashion Sunglasses KM128 Kacamata Hitam Import Unisex Wanita/Pria,1,Kecewa banget Ama barangnya sebenarnya kualitas untuk kacamata nya bagus tapi percuma kalo gagang penyangga nya ga ada ga bisa dipakai,https://shopee.co.id/(27AN.ID)-Kacamata-Korea-Fashion-Sunglasses-KM128-Kacamata-Hitam-Import-Unisex-Wanita-Pria-i.30687055.6262554113?sp_atk=0c05115d-1326-423a-a4e1-f48a6b4041ad&xptdk=0c05115d-1326-423a-a4e1-f48a6b4041ad
60,Kacamata Korea Fashion Sunglasses KM128 Kacamata Hitam Import Unisex Wanita/Pria,5,Bagus . pengiriman cepat . packing aman dengan buble wrap ,https://shopee.co.id/(27AN.ID)-Kacamata-Korea-Fashion-Sunglasses-KM128-Kacamata-Hitam-Import-Unisex-Wanita-Pria-i.30687055.6262554113?sp_atk=0c05115d-1326-423a-a4e1-f48a6b4041ad&xptdk=0c05115d-1326-423a-a4e1-f48a6b4041ad
61,Kacamata Hitam Bentuk Persegi Panjang Gaya Retro Vintage Untuk Wanita,3,Ni barang recomennded si cuman lama ngirimnya,https://shopee.co.id/Kacamata-Hitam-Bentuk-Persegi-Panjang-Gaya-Retro-Vintage-Untuk-Wanita-i.742235215.16954504636?sp_atk=301729f1-4239-4c24-8016-848d91427f05&xptdk=301729f1-4239-4c24-8016-848d91427f05
62,Kacamata Hitam Bentuk Persegi Panjang Gaya Retro Vintage Untuk Wanita,3,Product lumayan bagus.,https://shopee.co.id/Kacamata-Hitam-Bentuk-Persegi-Panjang-Gaya-Retro-Vintage-Untuk-Wanita-i.742235215.16954504636?sp_atk=301729f1-4239-4c24-8016-848d91427f05&xptdk=301729f1-4239-4c24-8016-848d91427f05
63,Kacamata Hitam Bentuk Persegi Panjang Gaya Retro Vintage Untuk Wanita,3,Kacamatanya gak seimbang/ jingjit pas dipake miring,https://shopee.co.id/Kacamata-Hitam-Bentuk-Persegi-Panjang-Gaya-Retro-Vintage-Untuk-Wanita-i.742235215.16954504636?sp_atk=301729f1-4239-4c24-8016-848d91427f05&xptdk=301729f1-4239-4c24-8016-848d91427f05
64,Kacamata Hitam Bentuk Persegi Panjang Gaya Retro Vintage Untuk Wanita,3,Kurang memuaskan .karena barang datang tidak sesuai yang dipesan . kalau emng nggak ada ya jangan dikirim . pemesanan kan berharap nya barang datang sesuai keinginan .ini malah beda!!!,https://shopee.co.id/Kacamata-Hitam-Bentuk-Persegi-Panjang-Gaya-Retro-Vintage-Untuk-Wanita-i.742235215.16954504636?sp_atk=301729f1-4239-4c24-8016-848d91427f05&xptdk=301729f1-4239-4c24-8016-848d91427f05
65,Kacamata Hitam Bentuk Persegi Panjang Gaya Retro Vintage Untuk Wanita,2,Pengirimannya lama banget kesel ,https://shopee.co.id/Kacamata-Hitam-Bentuk-Persegi-Panjang-Gaya-Retro-Vintage-Untuk-Wanita-i.742235215.16954504636?sp_atk=301729f1-4239-4c24-8016-848d91427f05&xptdk=301729f1-4239-4c24-8016-848d91427f05
66,Kacamata Hitam Bentuk Persegi Panjang Gaya Retro Vintage Untuk Wanita,2,Yang di order kuning dan grey tapi yg dateng grey dan pink.,https://shopee.co.id/Kacamata-Hitam-Bentuk-Persegi-Panjang-Gaya-Retro-Vintage-Untuk-Wanita-i.742235215.16954504636?sp_atk=301729f1-4239-4c24-8016-848d91427f05&xptdk=301729f1-4239-4c24-8016-848d91427f05
67,Kacamata Hitam Bentuk Persegi Panjang Gaya Retro Vintage Untuk Wanita,4,Lumayan murah sesuai hrgnya..,https://shopee.co.id/Kacamata-Hitam-Bentuk-Persegi-Panjang-Gaya-Retro-Vintage-Untuk-Wanita-i.742235215.16954504636?sp_atk=301729f1-4239-4c24-8016-848d91427f05&xptdk=301729f1-4239-4c24-8016-848d91427f05
68,Kacamata Hitam Bentuk Persegi Panjang Gaya Retro Vintage Untuk Wanita,4,Bagus bngt guys  .sebanding lah dengan harga nya  .sukses selalu bos,https://shopee.co.id/Kacamata-Hitam-Bentuk-Persegi-Panjang-Gaya-Retro-Vintage-Untuk-Wanita-i.742235215.16954504636?sp_atk=301729f1-4239-4c24-8016-848d91427f05&xptdk=301729f1-4239-4c24-8016-848d91427f05
69,Kacamata Hitam Bentuk Persegi Panjang Gaya Retro Vintage Untuk Wanita,1,salah warna,https://shopee.co.id/Kacamata-Hitam-Bentuk-Persegi-Panjang-Gaya-Retro-Vintage-Untuk-Wanita-i.742235215.16954504636?sp_atk=301729f1-4239-4c24-8016-848d91427f05&xptdk=301729f1-4239-4c24-8016-848d91427f05
70,Kacamata Hitam Bentuk Persegi Panjang Gaya Retro Vintage Untuk Wanita,5,Barang sesuai dengan yang diharapkan,https://shopee.co.id/Kacamata-Hitam-Bentuk-Persegi-Panjang-Gaya-Retro-Vintage-Untuk-Wanita-i.742235215.16954504636?sp_atk=301729f1-4239-4c24-8016-848d91427f05&xptdk=301729f1-4239-4c24-8016-848d91427f05
71,Kacamata Hitam Bentuk Persegi Panjang Gaya Retro Vintage Untuk Wanita,3,pengiriman lambat wajar kali ya dari kuar negri . tapi its okey. kacamatanya bagus,https://shopee.co.id/Kacamata-Hitam-Bentuk-Persegi-Panjang-Gaya-Retro-Vintage-Untuk-Wanita-i.742235215.16954504636?sp_atk=301729f1-4239-4c24-8016-848d91427f05&xptdk=301729f1-4239-4c24-8016-848d91427f05
72,Kacamata Hitam Bentuk Persegi Panjang Gaya Retro Vintage Untuk Wanita,3,Pesen yang grey malah dateng yang brown,https://shopee.co.id/Kacamata-Hitam-Bentuk-Persegi-Panjang-Gaya-Retro-Vintage-Untuk-Wanita-i.742235215.16954504636?sp_atk=301729f1-4239-4c24-8016-848d91427f05&xptdk=301729f1-4239-4c24-8016-848d91427f05
73,Kacamata Hitam Bentuk Persegi Panjang Gaya Retro Vintage Untuk Wanita,3,Pesan C10 malah dikirim C9 yang salah tiga kacamata,https://shopee.co.id/Kacamata-Hitam-Bentuk-Persegi-Panjang-Gaya-Retro-Vintage-Untuk-Wanita-i.742235215.16954504636?sp_atk=301729f1-4239-4c24-8016-848d91427f05&xptdk=301729f1-4239-4c24-8016-848d91427f05
74,Kacamata Hitam Bentuk Persegi Panjang Gaya Retro Vintage Untuk Wanita,3,Pengiriman lambat,https://shopee.co.id/Kacamata-Hitam-Bentuk-Persegi-Panjang-Gaya-Retro-Vintage-Untuk-Wanita-i.742235215.16954504636?sp_atk=301729f1-4239-4c24-8016-848d91427f05&xptdk=301729f1-4239-4c24-8016-848d91427f05
75,Kacamata Hitam Bentuk Persegi Panjang Gaya Retro Vintage Untuk Wanita,2,Warna pesanan tidak sesuai dengan yang di kirim,https://shopee.co.id/Kacamata-Hitam-Bentuk-Persegi-Panjang-Gaya-Retro-Vintage-Untuk-Wanita-i.742235215.16954504636?sp_atk=301729f1-4239-4c24-8016-848d91427f05&xptdk=301729f1-4239-4c24-8016-848d91427f05
76,Kacamata Hitam Bentuk Persegi Panjang Gaya Retro Vintage Untuk Wanita,2,beli kuning datengnya pink,https://shopee.co.id/Kacamata-Hitam-Bentuk-Persegi-Panjang-Gaya-Retro-Vintage-Untuk-Wanita-i.742235215.16954504636?sp_atk=301729f1-4239-4c24-8016-848d91427f05&xptdk=301729f1-4239-4c24-8016-848d91427f05
77,Kacamata Hitam Bentuk Persegi Panjang Gaya Retro Vintage Untuk Wanita,4,Bgus banget barang dateng ga mengecewakan pokoknya. Recomended bgt buat jalan. Kualitasnya ga kaleng2. Thx,https://shopee.co.id/Kacamata-Hitam-Bentuk-Persegi-Panjang-Gaya-Retro-Vintage-Untuk-Wanita-i.742235215.16954504636?sp_atk=301729f1-4239-4c24-8016-848d91427f05&xptdk=301729f1-4239-4c24-8016-848d91427f05
78,Kacamata Hitam Bentuk Persegi Panjang Gaya Retro Vintage Untuk Wanita,4,Barang sangat bagus . . walaupun pengiriman nya agak lama tapi puas saya,https://shopee.co.id/Kacamata-Hitam-Bentuk-Persegi-Panjang-Gaya-Retro-Vintage-Untuk-Wanita-i.742235215.16954504636?sp_atk=301729f1-4239-4c24-8016-848d91427f05&xptdk=301729f1-4239-4c24-8016-848d91427f05
79,Kacamata Hitam Bentuk Persegi Panjang Gaya Retro Vintage Untuk Wanita,1,Paketnya nyasar ke rumah orang . udh malah jelek lagii hadeuh gua saranin jangan ada yang beli,https://shopee.co.id/Kacamata-Hitam-Bentuk-Persegi-Panjang-Gaya-Retro-Vintage-Untuk-Wanita-i.742235215.16954504636?sp_atk=301729f1-4239-4c24-8016-848d91427f05&xptdk=301729f1-4239-4c24-8016-848d91427f05
80,Kacamata Hitam Bentuk Persegi Panjang Gaya Retro Vintage Untuk Wanita,5,Premium banget kacamatanyaa. Frame tebel nggak takut patah keliatan kuat bgt. Sebagus ini dong,https://shopee.co.id/Kacamata-Hitam-Bentuk-Persegi-Panjang-Gaya-Retro-Vintage-Untuk-Wanita-i.742235215.16954504636?sp_atk=301729f1-4239-4c24-8016-848d91427f05&xptdk=301729f1-4239-4c24-8016-848d91427f05
81,Kacamata Hitam Bingkai Bulat Bahan Logam Untuk Pria Dan Wanita,3,Sebenarnya bagus si tp kegedean,https://shopee.co.id/Kacamata-Hitam-Bingkai-Bulat-Bahan-Logam-Untuk-Pria-Dan-Wanita-i.47678487.17234728390?sp_atk=090ab388-aa92-4166-987e-53bf48dd7b38&xptdk=090ab388-aa92-4166-987e-53bf48dd7b38
82,Kacamata Hitam Bingkai Bulat Bahan Logam Untuk Pria Dan Wanita,3,Sbnrnnya bentuknya gada masalah tp di kaca bag kiri ada cacat dan mengganggu pandangan gabisa hilang,https://shopee.co.id/Kacamata-Hitam-Bingkai-Bulat-Bahan-Logam-Untuk-Pria-Dan-Wanita-i.47678487.17234728390?sp_atk=090ab388-aa92-4166-987e-53bf48dd7b38&xptdk=090ab388-aa92-4166-987e-53bf48dd7b38
83,Kacamata Hitam Bingkai Bulat Bahan Logam Untuk Pria Dan Wanita,5,Baru pertama kali pesan di toko ini . barang datang sesuai pesanan ga ada yang salah . modelnya bagus . kualitas bagus sesuai ekspektasi . harga murah tapi ga murahan,https://shopee.co.id/Kacamata-Hitam-Bingkai-Bulat-Bahan-Logam-Untuk-Pria-Dan-Wanita-i.47678487.17234728390?sp_atk=090ab388-aa92-4166-987e-53bf48dd7b38&xptdk=090ab388-aa92-4166-987e-53bf48dd7b38
84,Kacamata Hitam Bingkai Bulat Bahan Logam Untuk Pria Dan Wanita,4,Brg SDH diterima ... Packing kurang sefty ga ada pelindung bubble wrap ... Gagang ny agak penyok tp bs diperbaiki sendiri ... Tq shopee seller and babang kurir sukses selalu,https://shopee.co.id/Kacamata-Hitam-Bingkai-Bulat-Bahan-Logam-Untuk-Pria-Dan-Wanita-i.47678487.17234728390?sp_atk=090ab388-aa92-4166-987e-53bf48dd7b38&xptdk=090ab388-aa92-4166-987e-53bf48dd7b38
85,Kacamata Hitam Bingkai Bulat Bahan Logam Untuk Pria Dan Wanita,2,Tidak sesuai pesanan .,https://shopee.co.id/Kacamata-Hitam-Bingkai-Bulat-Bahan-Logam-Untuk-Pria-Dan-Wanita-i.47678487.17234728390?sp_atk=090ab388-aa92-4166-987e-53bf48dd7b38&xptdk=090ab388-aa92-4166-987e-53bf48dd7b38
86,Kacamata Hitam Bingkai Bulat Bahan Logam Untuk Pria Dan Wanita,5,Sudah langganan ya . . .jadi tetep barangny ok banget . . .ga di ragukan lagi . . . .mantullll makasi,https://shopee.co.id/Kacamata-Hitam-Bingkai-Bulat-Bahan-Logam-Untuk-Pria-Dan-Wanita-i.47678487.17234728390?sp_atk=090ab388-aa92-4166-987e-53bf48dd7b38&xptdk=090ab388-aa92-4166-987e-53bf48dd7b38
87,Kacamata Hitam Bingkai Bulat Bahan Logam Untuk Pria Dan Wanita,4,Lumayan sesuai harga lensanya engga yg gelap banget mata masih terlihat transparan gitu. Pengiriman lumayan gak lama kok kehitung cuma 7 hari...makasih,https://shopee.co.id/Kacamata-Hitam-Bingkai-Bulat-Bahan-Logam-Untuk-Pria-Dan-Wanita-i.47678487.17234728390?sp_atk=090ab388-aa92-4166-987e-53bf48dd7b38&xptdk=090ab388-aa92-4166-987e-53bf48dd7b38
88,Kacamata Hitam Bingkai Bulat Bahan Logam Untuk Pria Dan Wanita,4,Kaca matanya baguss suka banget terimakasih yaa,https://shopee.co.id/Kacamata-Hitam-Bingkai-Bulat-Bahan-Logam-Untuk-Pria-Dan-Wanita-i.47678487.17234728390?sp_atk=090ab388-aa92-4166-987e-53bf48dd7b38&xptdk=090ab388-aa92-4166-987e-53bf48dd7b38
89,Kacamata Hitam Bingkai Bulat Bahan Logam Untuk Pria Dan Wanita,1,Barang dtg hanya 1 pdahal pesan 2 parah bgtt ngga berkah jualannya.,https://shopee.co.id/Kacamata-Hitam-Bingkai-Bulat-Bahan-Logam-Untuk-Pria-Dan-Wanita-i.47678487.17234728390?sp_atk=090ab388-aa92-4166-987e-53bf48dd7b38&xptdk=090ab388-aa92-4166-987e-53bf48dd7b38
90,Kacamata Hitam Bingkai Bulat Bahan Logam Untuk Pria Dan Wanita,5,"Paket sudah di terima packing rapih . pengiriman lumayan cepat sih semingguan lah . maklum dari luar negeri . produknya bagus bahannya tebal koko kuat . udah lama mau beli yg medel coklat ini ga jadi"" baru ini tercapai beli . suka banget tinggal ganti ke lensa minus nya . krn matanya minus . Trimakasih seller & kurir yg ramah",https://shopee.co.id/Kacamata-Hitam-Bingkai-Bulat-Bahan-Logam-Untuk-Pria-Dan-Wanita-i.47678487.17234728390?sp_atk=090ab388-aa92-4166-987e-53bf48dd7b38&xptdk=090ab388-aa92-4166-987e-53bf48dd7b38
91,Kacamata Hitam Pria / Wanita Model Retro Vintage Frame Bulat,3,Sy kira warna lensanya smoke gitu ternyata silver :),https://shopee.co.id/Kacamata-Hitam-Pria-Wanita-Model-Retro-Vintage-Frame-Bulat-i.30873297.4307686811?sp_atk=5bbf4dd8-0488-4998-95f3-99e925954387&xptdk=5bbf4dd8-0488-4998-95f3-99e925954387
92,Kacamata Hitam Pria / Wanita Model Retro Vintage Frame Bulat,3,Kecewa dikit sma gagangnya gk bisa dilipat pdhl baru dipakai,https://shopee.co.id/Kacamata-Hitam-Pria-Wanita-Model-Retro-Vintage-Frame-Bulat-i.30873297.4307686811?sp_atk=5bbf4dd8-0488-4998-95f3-99e925954387&xptdk=5bbf4dd8-0488-4998-95f3-99e925954387
93,Kacamata Hitam Pria / Wanita Model Retro Vintage Frame Bulat,3,mesennya item silver datengnya item gold,https://shopee.co.id/Kacamata-Hitam-Pria-Wanita-Model-Retro-Vintage-Frame-Bulat-i.30873297.4307686811?sp_atk=5bbf4dd8-0488-4998-95f3-99e925954387&xptdk=5bbf4dd8-0488-4998-95f3-99e925954387
94,Kacamata Hitam Pria / Wanita Model Retro Vintage Frame Bulat,3,Framenya pas tp batangnya ada yg melengkung,https://shopee.co.id/Kacamata-Hitam-Pria-Wanita-Model-Retro-Vintage-Frame-Bulat-i.30873297.4307686811?sp_atk=5bbf4dd8-0488-4998-95f3-99e925954387&xptdk=5bbf4dd8-0488-4998-95f3-99e925954387
95,Kacamata Hitam Pria / Wanita Model Retro Vintage Frame Bulat,2,Pengiriman 2mnggu lebih..,https://shopee.co.id/Kacamata-Hitam-Pria-Wanita-Model-Retro-Vintage-Frame-Bulat-i.30873297.4307686811?sp_atk=5bbf4dd8-0488-4998-95f3-99e925954387&xptdk=5bbf4dd8-0488-4998-95f3-99e925954387
96,Kacamata Hitam Pria / Wanita Model Retro Vintage Frame Bulat,2,Baru Dateng langsng patah pas di buka !!,https://shopee.co.id/Kacamata-Hitam-Pria-Wanita-Model-Retro-Vintage-Frame-Bulat-i.30873297.4307686811?sp_atk=5bbf4dd8-0488-4998-95f3-99e925954387&xptdk=5bbf4dd8-0488-4998-95f3-99e925954387
97,Kacamata Hitam Pria / Wanita Model Retro Vintage Frame Bulat,4,Bagus sih . tpi agak kurang aja gtu klo buat cowo wkwkwk . terpaksa kasih org deh . lain kali bakalan lebih teliti lagi thx,https://shopee.co.id/Kacamata-Hitam-Pria-Wanita-Model-Retro-Vintage-Frame-Bulat-i.30873297.4307686811?sp_atk=5bbf4dd8-0488-4998-95f3-99e925954387&xptdk=5bbf4dd8-0488-4998-95f3-99e925954387
98,Kacamata Hitam Pria / Wanita Model Retro Vintage Frame Bulat,4,Gk bakal nyesel harga murah kualitas gk murahan,https://shopee.co.id/Kacamata-Hitam-Pria-Wanita-Model-Retro-Vintage-Frame-Bulat-i.30873297.4307686811?sp_atk=5bbf4dd8-0488-4998-95f3-99e925954387&xptdk=5bbf4dd8-0488-4998-95f3-99e925954387
99,Kacamata Hitam Pria / Wanita Model Retro Vintage Frame Bulat,1,Kegedean longgar banget gak bisa di pake,https://shopee.co.id/Kacamata-Hitam-Pria-Wanita-Model-Retro-Vintage-Frame-Bulat-i.30873297.4307686811?sp_atk=5bbf4dd8-0488-4998-95f3-99e925954387&xptdk=5bbf4dd8-0488-4998-95f3-99e925954387
100,Kacamata Hitam Pria / Wanita Model Retro Vintage Frame Bulat,5,Pengiriman lumayan lama da emg dr luar negri tapi ngga mengecewakan sih . kualitasnya Bagus sesuai ekspektasi .,https://shopee.co.id/Kacamata-Hitam-Pria-Wanita-Model-Retro-Vintage-Frame-Bulat-i.30873297.4307686811?sp_atk=5bbf4dd8-0488-4998-95f3-99e925954387&xptdk=5bbf4dd8-0488-4998-95f3-99e925954387
101,Kacamata Retro Gladys Frame Kotak Glasses ,3,Pengiriman cepat dan barang pun baguss dan baik,https://shopee.co.id/Kacamata-Retro-Gladys-Frame-Kotak-Glasses-Kacamata-Hitam-Wanita-Fashion-Retro-Vintage-Sunglasses-Korean-Import-i.28824240.13773858387?sp_atk=6803c7e2-7ace-44e9-a01a-5c7cad17c4f1&xptdk=6803c7e2-7ace-44e9-a01a-5c7cad17c4f1
102,Kacamata Retro Gladys Frame Kotak Glasses ,3,biasaa sesuai ssaama harganyaa si murah jugaa tpi emg bagus sii,https://shopee.co.id/Kacamata-Retro-Gladys-Frame-Kotak-Glasses-Kacamata-Hitam-Wanita-Fashion-Retro-Vintage-Sunglasses-Korean-Import-i.28824240.13773858387?sp_atk=6803c7e2-7ace-44e9-a01a-5c7cad17c4f1&xptdk=6803c7e2-7ace-44e9-a01a-5c7cad17c4f1
103,Kacamata Retro Gladys Frame Kotak Glasses ,3,Pengemasan & pengiriman termasuk lama barangnya bagus sperti di foto,https://shopee.co.id/Kacamata-Retro-Gladys-Frame-Kotak-Glasses-Kacamata-Hitam-Wanita-Fashion-Retro-Vintage-Sunglasses-Korean-Import-i.28824240.13773858387?sp_atk=6803c7e2-7ace-44e9-a01a-5c7cad17c4f1&xptdk=6803c7e2-7ace-44e9-a01a-5c7cad17c4f1
104,Kacamata Retro Gladys Frame Kotak Glasses ,3,barangnya bagus. tapi sayang banget pengiriman nya lama..,https://shopee.co.id/Kacamata-Retro-Gladys-Frame-Kotak-Glasses-Kacamata-Hitam-Wanita-Fashion-Retro-Vintage-Sunglasses-Korean-Import-i.28824240.13773858387?sp_atk=6803c7e2-7ace-44e9-a01a-5c7cad17c4f1&xptdk=6803c7e2-7ace-44e9-a01a-5c7cad17c4f1
105,Kacamata Retro Gladys Frame Kotak Glasses ,2,Kacamatanya lengkap tapi semuanya gores2 dan 1 patah. Padahal ini pesenan untuk konsumen loh,https://shopee.co.id/Kacamata-Retro-Gladys-Frame-Kotak-Glasses-Kacamata-Hitam-Wanita-Fashion-Retro-Vintage-Sunglasses-Korean-Import-i.28824240.13773858387?sp_atk=6803c7e2-7ace-44e9-a01a-5c7cad17c4f1&xptdk=6803c7e2-7ace-44e9-a01a-5c7cad17c4f1
106,Kacamata Retro Gladys Frame Kotak Glasses ,2,Kocak. Pesen yg kotak besar titik 3 malah dikirim yg kotak kecil gitu. Kalo gaada yg kotak besar titik 3 kirimnya yg harganya samaan juga dong. Inimah kan harganya juga beda.,https://shopee.co.id/Kacamata-Retro-Gladys-Frame-Kotak-Glasses-Kacamata-Hitam-Wanita-Fashion-Retro-Vintage-Sunglasses-Korean-Import-i.28824240.13773858387?sp_atk=6803c7e2-7ace-44e9-a01a-5c7cad17c4f1&xptdk=6803c7e2-7ace-44e9-a01a-5c7cad17c4f1
107,Kacamata Retro Gladys Frame Kotak Glasses ,4,Barang sampai dengan selamat . dan bagus juga barang nya suka love lah . walau harganya terjangkau ya.,https://shopee.co.id/Kacamata-Retro-Gladys-Frame-Kotak-Glasses-Kacamata-Hitam-Wanita-Fashion-Retro-Vintage-Sunglasses-Korean-Import-i.28824240.13773858387?sp_atk=6803c7e2-7ace-44e9-a01a-5c7cad17c4f1&xptdk=6803c7e2-7ace-44e9-a01a-5c7cad17c4f1
108,Kacamata Retro Gladys Frame Kotak Glasses ,4,Ada suara gitu pas di gerakin kacamata nya jadi gimana gitu pakenya Liat aja di video aku gak ngerti jelasinnya but desain nya lucu thanks,https://shopee.co.id/Kacamata-Retro-Gladys-Frame-Kotak-Glasses-Kacamata-Hitam-Wanita-Fashion-Retro-Vintage-Sunglasses-Korean-Import-i.28824240.13773858387?sp_atk=6803c7e2-7ace-44e9-a01a-5c7cad17c4f1&xptdk=6803c7e2-7ace-44e9-a01a-5c7cad17c4f1
109,Kacamata Retro Gladys Frame Kotak Glasses ,1,Mungkin karena banyaknya orderan . sampe gak ada quality check nya. Yg pecah dan gak mulus pun dikirim. packaging aman. coba beli di bbrp toko . cuman ini yg pengirimannya lama.,https://shopee.co.id/Kacamata-Retro-Gladys-Frame-Kotak-Glasses-Kacamata-Hitam-Wanita-Fashion-Retro-Vintage-Sunglasses-Korean-Import-i.28824240.13773858387?sp_atk=6803c7e2-7ace-44e9-a01a-5c7cad17c4f1&xptdk=6803c7e2-7ace-44e9-a01a-5c7cad17c4f1
110,Kacamata Retro Gladys Frame Kotak Glasses ,5,lucu banget . bahannya tebel tapi tetep enteng dan kayk ga gampang patah gitu . framenya dari mika . dipakenya juga nyaman . nyampenya sekitar semingguan dibungkus dgn aman jugaa,https://shopee.co.id/Kacamata-Retro-Gladys-Frame-Kotak-Glasses-Kacamata-Hitam-Wanita-Fashion-Retro-Vintage-Sunglasses-Korean-Import-i.28824240.13773858387?sp_atk=6803c7e2-7ace-44e9-a01a-5c7cad17c4f1&xptdk=6803c7e2-7ace-44e9-a01a-5c7cad17c4f1
111,Kacamata UV400 Bentuk Oval Gaya Korea Retro Untuk Pria Dan Wanita,3,Baik tapi pengirimannya lama tapi tetep suka kok trimaksih,https://shopee.co.id/Kacamata-UV400-Bentuk-Oval-Gaya-Korea-Retro-Untuk-Pria-Dan-Wanita-i.47678487.13204810382?sp_atk=6eb4c197-6186-4892-8854-dabb8173e8a7&xptdk=6eb4c197-6186-4892-8854-dabb8173e8a7
112,Kacamata UV400 Bentuk Oval Gaya Korea Retro Untuk Pria Dan Wanita,3,Padahal persennya Framenya hitam kacanya Oren tapi yang dateng farme hitam kacanya pun hitam huhu tapi gapapa lah,https://shopee.co.id/Kacamata-UV400-Bentuk-Oval-Gaya-Korea-Retro-Untuk-Pria-Dan-Wanita-i.47678487.13204810382?sp_atk=6eb4c197-6186-4892-8854-dabb8173e8a7&xptdk=6eb4c197-6186-4892-8854-dabb8173e8a7
113,Kacamata UV400 Bentuk Oval Gaya Korea Retro Untuk Pria Dan Wanita,3,Bagus sangat . lumayan tebal juga . semoga awet aja . pengiriman standar . untuk batangnya agak menceng jadi kendor makenya,https://shopee.co.id/Kacamata-UV400-Bentuk-Oval-Gaya-Korea-Retro-Untuk-Pria-Dan-Wanita-i.47678487.13204810382?sp_atk=6eb4c197-6186-4892-8854-dabb8173e8a7&xptdk=6eb4c197-6186-4892-8854-dabb8173e8a7
114,Kacamata UV400 Bentuk Oval Gaya Korea Retro Untuk Pria Dan Wanita,3,Bagus . cuman salah warna malah item datengnya,https://shopee.co.id/Kacamata-UV400-Bentuk-Oval-Gaya-Korea-Retro-Untuk-Pria-Dan-Wanita-i.47678487.13204810382?sp_atk=6eb4c197-6186-4892-8854-dabb8173e8a7&xptdk=6eb4c197-6186-4892-8854-dabb8173e8a7
115,Kacamata UV400 Bentuk Oval Gaya Korea Retro Untuk Pria Dan Wanita,2,gajelas . jujur aku excited bgt sm kcamata ini dan aku ud nnggu ini dri lama . skitar 1-2 minggu an. dan yg datang wrna hitam . pdhl aku belinya wrna orange. lmyan bgus si bhannya tp ud kburu ksel krna wrnany beda.,https://shopee.co.id/Kacamata-UV400-Bentuk-Oval-Gaya-Korea-Retro-Untuk-Pria-Dan-Wanita-i.47678487.13204810382?sp_atk=6eb4c197-6186-4892-8854-dabb8173e8a7&xptdk=6eb4c197-6186-4892-8854-dabb8173e8a7
116,Kacamata UV400 Bentuk Oval Gaya Korea Retro Untuk Pria Dan Wanita,2,pengiriman cepat tapi pesanan tidak lengkap dan tidak ada konfirmasi terlebih dahulu,https://shopee.co.id/Kacamata-UV400-Bentuk-Oval-Gaya-Korea-Retro-Untuk-Pria-Dan-Wanita-i.47678487.13204810382?sp_atk=6eb4c197-6186-4892-8854-dabb8173e8a7&xptdk=6eb4c197-6186-4892-8854-dabb8173e8a7
117,Kacamata UV400 Bentuk Oval Gaya Korea Retro Untuk Pria Dan Wanita,4,baguss bgtt gilasehh ga expect sebagus ini dengan harga segitu walau lama pengiriman nya lama tapi its okeyy,https://shopee.co.id/Kacamata-UV400-Bentuk-Oval-Gaya-Korea-Retro-Untuk-Pria-Dan-Wanita-i.47678487.13204810382?sp_atk=6eb4c197-6186-4892-8854-dabb8173e8a7&xptdk=6eb4c197-6186-4892-8854-dabb8173e8a7
118,Kacamata UV400 Bentuk Oval Gaya Korea Retro Untuk Pria Dan Wanita,4,Nah ini waranya oren bener bener yg oren gt tp bentuknya rada aneh dikit tp kl dipake ttp kece sih keren,https://shopee.co.id/Kacamata-UV400-Bentuk-Oval-Gaya-Korea-Retro-Untuk-Pria-Dan-Wanita-i.47678487.13204810382?sp_atk=6eb4c197-6186-4892-8854-dabb8173e8a7&xptdk=6eb4c197-6186-4892-8854-dabb8173e8a7
119,Kacamata UV400 Bentuk Oval Gaya Korea Retro Untuk Pria Dan Wanita,1,Bengkok g bs dipake g simetris,https://shopee.co.id/Kacamata-UV400-Bentuk-Oval-Gaya-Korea-Retro-Untuk-Pria-Dan-Wanita-i.47678487.13204810382?sp_atk=6eb4c197-6186-4892-8854-dabb8173e8a7&xptdk=6eb4c197-6186-4892-8854-dabb8173e8a7
120,Kacamata UV400 Bentuk Oval Gaya Korea Retro Untuk Pria Dan Wanita,5,Barang datang sesuai pesanan .rapi meski gak pake dus pokoknya suka bgt.bagus bgt thanks seller Dan abg kurir yg baek,https://shopee.co.id/Kacamata-UV400-Bentuk-Oval-Gaya-Korea-Retro-Untuk-Pria-Dan-Wanita-i.47678487.13204810382?sp_atk=6eb4c197-6186-4892-8854-dabb8173e8a7&xptdk=6eb4c197-6186-4892-8854-dabb8173e8a7
121,Kacamata Sport / Olahraga NB Free Lensa Minus,3,Sebenarnya saya suka dg barangnya pengemasan rapi barang juga lengkap hanya saja sangat disayangkan saya pesan yang minus sudah saya kirimkan/tulis di catatan SPH CYL AX nya dg lengkap tapi yang dtg plano (normal). Syukurnya ada garansi tapi kira2 prosesnya lama atau bagaimana ? ,https://shopee.co.id/Kacamata-Sport-Olahraga-NB-Free-Lensa-Minus-Futsal-Basket-Voli-Sepakbola-i.23140198.369342918?sp_atk=4eb8d988-973a-42e0-a76d-2a9f6e0083cd&xptdk=4eb8d988-973a-42e0-a76d-2a9f6e0083cd
122,Kacamata Sport / Olahraga NB Free Lensa Minus,3,Barang bagus . sesuai pesanan. Tp krn pengalaman yg ini ada kecewanya jd cukup tiga bintang. Saran sy . tlg ketentuan khusus gratis lensa diubah/diperjelas . biar transaksi lancar kalau ada pembeli lain yg kondisi matanya spti sy.,https://shopee.co.id/Kacamata-Sport-Olahraga-NB-Free-Lensa-Minus-Futsal-Basket-Voli-Sepakbola-i.23140198.369342918?sp_atk=4eb8d988-973a-42e0-a76d-2a9f6e0083cd&xptdk=4eb8d988-973a-42e0-a76d-2a9f6e0083cd
123,Kacamata Sport / Olahraga NB Free Lensa Minus,3,Kualitas produk baik Kecepatan pengiriman baik Harga produk baik Respon penjual standar,https://shopee.co.id/Kacamata-Sport-Olahraga-NB-Free-Lensa-Minus-Futsal-Basket-Voli-Sepakbola-i.23140198.369342918?sp_atk=4eb8d988-973a-42e0-a76d-2a9f6e0083cd&xptdk=4eb8d988-973a-42e0-a76d-2a9f6e0083cd
124,Kacamata Sport / Olahraga NB Free Lensa Minus,3,Di keterngan dpat softcase tapi ga ada pas barang sampe..cuma bungkus Kontak biasa,https://shopee.co.id/Kacamata-Sport-Olahraga-NB-Free-Lensa-Minus-Futsal-Basket-Voli-Sepakbola-i.23140198.369342918?sp_atk=4eb8d988-973a-42e0-a76d-2a9f6e0083cd&xptdk=4eb8d988-973a-42e0-a76d-2a9f6e0083cd
125,Kacamata Sport / Olahraga NB Free Lensa Minus,2,Mintanya kiri minus 1.5 kanan minus 5... Lakok dikasih minus 5 semua kanan kiri,https://shopee.co.id/Kacamata-Sport-Olahraga-NB-Free-Lensa-Minus-Futsal-Basket-Voli-Sepakbola-i.23140198.369342918?sp_atk=4eb8d988-973a-42e0-a76d-2a9f6e0083cd&xptdk=4eb8d988-973a-42e0-a76d-2a9f6e0083cd
126,Kacamata Sport / Olahraga NB Free Lensa Minus,2,Pilih yang transparan malah dikirim yg hitam,https://shopee.co.id/Kacamata-Sport-Olahraga-NB-Free-Lensa-Minus-Futsal-Basket-Voli-Sepakbola-i.23140198.369342918?sp_atk=4eb8d988-973a-42e0-a76d-2a9f6e0083cd&xptdk=4eb8d988-973a-42e0-a76d-2a9f6e0083cd
127,Kacamata Sport / Olahraga NB Free Lensa Minus,4,Paket diterima dengan baik respon penjual baik  . ukuran minus jg pas.terimakasih seller ..sukak...semoga barang awett ..semoga lancar trs jg buat seller nya ,https://shopee.co.id/Kacamata-Sport-Olahraga-NB-Free-Lensa-Minus-Futsal-Basket-Voli-Sepakbola-i.23140198.369342918?sp_atk=4eb8d988-973a-42e0-a76d-2a9f6e0083cd&xptdk=4eb8d988-973a-42e0-a76d-2a9f6e0083cd
128,Kacamata Sport / Olahraga NB Free Lensa Minus,4,Kualitas produk baik. Harga produk baik. Kecepatan pengiriman baik. Respon penjual baik. walaupun sempat ada salah paham tentang deskripsi produk dan barang yg saya pesan . tetap recommended seller. thanks gan,https://shopee.co.id/Kacamata-Sport-Olahraga-NB-Free-Lensa-Minus-Futsal-Basket-Voli-Sepakbola-i.23140198.369342918?sp_atk=4eb8d988-973a-42e0-a76d-2a9f6e0083cd&xptdk=4eb8d988-973a-42e0-a76d-2a9f6e0083cd
129,Kacamata Sport / Olahraga NB Free Lensa Minus,1,Penjual tidak kooperatif. Ditanyakan return kemana jawabannya tidak jelas. Ditanya alamatnya malah suruh order ulang. Kecewa sih barang tdk bisa digunakan krn mau di return ga ada penjelasan,https://shopee.co.id/Kacamata-Sport-Olahraga-NB-Free-Lensa-Minus-Futsal-Basket-Voli-Sepakbola-i.23140198.369342918?sp_atk=4eb8d988-973a-42e0-a76d-2a9f6e0083cd&xptdk=4eb8d988-973a-42e0-a76d-2a9f6e0083cd
130,Kacamata Sport / Olahraga NB Free Lensa Minus,5,Setelah coba perhatiin spek masing2 opsi . NB019 ini yang paling pas di muka . ga terlalu gede. Pas nyampe . beuhh ga nyangka 200rb bisa dapet barang sebagus ini. Enak dipakenya . jernih kayak pake kacamata biasa. Sekarang main futsal ga berbayang2 lagi...top,https://shopee.co.id/Kacamata-Sport-Olahraga-NB-Free-Lensa-Minus-Futsal-Basket-Voli-Sepakbola-i.23140198.369342918?sp_atk=4eb8d988-973a-42e0-a76d-2a9f6e0083cd&xptdk=4eb8d988-973a-42e0-a76d-2a9f6e0083cd
131,Kacamata Steampunk Hitam Bersepeda Cyberpunk Hip Hop Punk Gaya Retro Eropa Olahraga Wanita Dan Pria,4,packing nya ngeri . cuman pake plastik aja kaga di pakein bubble wrap,https://shopee.co.id/Kacamata-Steampunk-Hitam-Bersepeda-Cyberpunk-Hip-Hop-Punk-Gaya-Retro-Eropa-Olahraga-Wanita-Dan-Pria-i.468408839.23719237967
132,Kacamata Steampunk Hitam Bersepeda Cyberpunk Hip Hop Punk Gaya Retro Eropa Olahraga Wanita Dan Pria,3,ternyata gede bgt si . bahan tebel . lumayan buat harga segitu,https://shopee.co.id/Kacamata-Steampunk-Hitam-Bersepeda-Cyberpunk-Hip-Hop-Punk-Gaya-Retro-Eropa-Olahraga-Wanita-Dan-Pria-i.468408839.23719237967
133,Kacamata Steampunk Hitam Bersepeda Cyberpunk Hip Hop Punk Gaya Retro Eropa Olahraga Wanita Dan Pria,3,bagus .worth it harga segini .tapi nyampe di tempat .kaca nya malah lepas,https://shopee.co.id/Kacamata-Steampunk-Hitam-Bersepeda-Cyberpunk-Hip-Hop-Punk-Gaya-Retro-Eropa-Olahraga-Wanita-Dan-Pria-i.468408839.23719237967
134,Kacamata Steampunk Hitam Bersepeda Cyberpunk Hip Hop Punk Gaya Retro Eropa Olahraga Wanita Dan Pria,3,kaca di kacamata nya lepas,https://shopee.co.id/Kacamata-Steampunk-Hitam-Bersepeda-Cyberpunk-Hip-Hop-Punk-Gaya-Retro-Eropa-Olahraga-Wanita-Dan-Pria-i.468408839.23719237967
135,Kacamata Steampunk Hitam Bersepeda Cyberpunk Hip Hop Punk Gaya Retro Eropa Olahraga Wanita Dan Pria,1,cuma dikirim 1,https://shopee.co.id/Kacamata-Steampunk-Hitam-Bersepeda-Cyberpunk-Hip-Hop-Punk-Gaya-Retro-Eropa-Olahraga-Wanita-Dan-Pria-i.468408839.23719237967
136,Kacamata Steampunk Hitam Bersepeda Cyberpunk Hip Hop Punk Gaya Retro Eropa Olahraga Wanita Dan Pria,5,Trimakasih kacamatanya bagus .lengkap tdk ada yg pecah semua mudah2an nnti sy bli lagi kedepannya nnti dikasih plastik bubble trimakasih ,https://shopee.co.id/Kacamata-Steampunk-Hitam-Bersepeda-Cyberpunk-Hip-Hop-Punk-Gaya-Retro-Eropa-Olahraga-Wanita-Dan-Pria-i.468408839.23719237967
137,Kacamata Steampunk Hitam Bersepeda Cyberpunk Hip Hop Punk Gaya Retro Eropa Olahraga Wanita Dan Pria,4,Bagus sih barangnya . tapi ngeri juga packingnya tidak pake bubble wrap,https://shopee.co.id/Kacamata-Steampunk-Hitam-Bersepeda-Cyberpunk-Hip-Hop-Punk-Gaya-Retro-Eropa-Olahraga-Wanita-Dan-Pria-i.468408839.23719237967
138,Kacamata Steampunk Hitam Bersepeda Cyberpunk Hip Hop Punk Gaya Retro Eropa Olahraga Wanita Dan Pria,4,cocok banget untuk outfit apapun,https://shopee.co.id/Kacamata-Steampunk-Hitam-Bersepeda-Cyberpunk-Hip-Hop-Punk-Gaya-Retro-Eropa-Olahraga-Wanita-Dan-Pria-i.468408839.23719237967
139,Kacamata Steampunk Hitam Bersepeda Cyberpunk Hip Hop Punk Gaya Retro Eropa Olahraga Wanita Dan Pria,1,ga sesuai pesanan,https://shopee.co.id/Kacamata-Steampunk-Hitam-Bersepeda-Cyberpunk-Hip-Hop-Punk-Gaya-Retro-Eropa-Olahraga-Wanita-Dan-Pria-i.468408839.23719237967
140,Kacamata Steampunk Hitam Bersepeda Cyberpunk Hip Hop Punk Gaya Retro Eropa Olahraga Wanita Dan Pria,5,Omg dapet yg affordable bgt! Harga nya murah lg huhu thank you seller,https://shopee.co.id/Kacamata-Steampunk-Hitam-Bersepeda-Cyberpunk-Hip-Hop-Punk-Gaya-Retro-Eropa-Olahraga-Wanita-Dan-Pria-i.468408839.23719237967
141,Rowling(ka-230)Kacamata Hitam Terbaru Wanita Titanium Style,3,Hidungnya hilang satu . ini b aja menurut ku dibanding kacamata lainnya,https://shopee.co.id/Rowling(ka-230)Kacamata-Hitam-Terbaru-Wanita-Titanium-Style-Kacamata-Fashion-Murah-Kacamata-Sunglasses-Import-Wanita-Kacamata-Fashion-i.24548222.16771595397?sp_atk=3ec40b5c-b6dd-4797-9fc8-90156d9cb700&xptdk=3ec40b5c-b6dd-4797-9fc8-90156d9cb700
142,Rowling(ka-230)Kacamata Hitam Terbaru Wanita Titanium Style,3,Kacamata bagus tapi syang gk bisa di pakai krn penyok,https://shopee.co.id/Rowling(ka-230)Kacamata-Hitam-Terbaru-Wanita-Titanium-Style-Kacamata-Fashion-Murah-Kacamata-Sunglasses-Import-Wanita-Kacamata-Fashion-i.24548222.16771595397?sp_atk=3ec40b5c-b6dd-4797-9fc8-90156d9cb700&xptdk=3ec40b5c-b6dd-4797-9fc8-90156d9cb700
143,Rowling(ka-230)Kacamata Hitam Terbaru Wanita Titanium Style,3,tdak sama barang dgn gambar,https://shopee.co.id/Rowling(ka-230)Kacamata-Hitam-Terbaru-Wanita-Titanium-Style-Kacamata-Fashion-Murah-Kacamata-Sunglasses-Import-Wanita-Kacamata-Fashion-i.24548222.16771595397?sp_atk=3ec40b5c-b6dd-4797-9fc8-90156d9cb700&xptdk=3ec40b5c-b6dd-4797-9fc8-90156d9cb700
144,Rowling(ka-230)Kacamata Hitam Terbaru Wanita Titanium Style,3,Pas cocok,https://shopee.co.id/Rowling(ka-230)Kacamata-Hitam-Terbaru-Wanita-Titanium-Style-Kacamata-Fashion-Murah-Kacamata-Sunglasses-Import-Wanita-Kacamata-Fashion-i.24548222.16771595397?sp_atk=3ec40b5c-b6dd-4797-9fc8-90156d9cb700&xptdk=3ec40b5c-b6dd-4797-9fc8-90156d9cb700
145,Rowling(ka-230)Kacamata Hitam Terbaru Wanita Titanium Style,2,Tidak sesuai yg d harapkan  . pesanan tdk real peace . mf sy ksih 2,https://shopee.co.id/Rowling(ka-230)Kacamata-Hitam-Terbaru-Wanita-Titanium-Style-Kacamata-Fashion-Murah-Kacamata-Sunglasses-Import-Wanita-Kacamata-Fashion-i.24548222.16771595397?sp_atk=3ec40b5c-b6dd-4797-9fc8-90156d9cb700&xptdk=3ec40b5c-b6dd-4797-9fc8-90156d9cb700
146,Rowling(ka-230)Kacamata Hitam Terbaru Wanita Titanium Style,2,Ga bagus gagang yg satu nya miring melebar jadi dipake nya gak nyaman.. ,https://shopee.co.id/Rowling(ka-230)Kacamata-Hitam-Terbaru-Wanita-Titanium-Style-Kacamata-Fashion-Murah-Kacamata-Sunglasses-Import-Wanita-Kacamata-Fashion-i.24548222.16771595397?sp_atk=3ec40b5c-b6dd-4797-9fc8-90156d9cb700&xptdk=3ec40b5c-b6dd-4797-9fc8-90156d9cb700
147,Rowling(ka-230)Kacamata Hitam Terbaru Wanita Titanium Style,4,Terimakasih pesanan .tp sayang pengiriman nya lama mohon di tingkatkan lagi pelayanan nya,https://shopee.co.id/Rowling(ka-230)Kacamata-Hitam-Terbaru-Wanita-Titanium-Style-Kacamata-Fashion-Murah-Kacamata-Sunglasses-Import-Wanita-Kacamata-Fashion-i.24548222.16771595397?sp_atk=3ec40b5c-b6dd-4797-9fc8-90156d9cb700&xptdk=3ec40b5c-b6dd-4797-9fc8-90156d9cb700
148,Rowling(ka-230)Kacamata Hitam Terbaru Wanita Titanium Style,4,Kacamata nya kaya kacamata mahal ya bagus banget mewah . tapi yang kanan sama yang kiri kaya ngga sama gitu . pengiriman standar . kurir ramah,https://shopee.co.id/Rowling(ka-230)Kacamata-Hitam-Terbaru-Wanita-Titanium-Style-Kacamata-Fashion-Murah-Kacamata-Sunglasses-Import-Wanita-Kacamata-Fashion-i.24548222.16771595397?sp_atk=3ec40b5c-b6dd-4797-9fc8-90156d9cb700&xptdk=3ec40b5c-b6dd-4797-9fc8-90156d9cb700
149,Rowling(ka-230)Kacamata Hitam Terbaru Wanita Titanium Style,1,Barang yang dikirim barang rusak.. ganggangan kacamata satunya gk bisa. Miring sebelah kacamatanya gk bisa dibenarin. Jadi terbuang kacamatanya.,https://shopee.co.id/Rowling(ka-230)Kacamata-Hitam-Terbaru-Wanita-Titanium-Style-Kacamata-Fashion-Murah-Kacamata-Sunglasses-Import-Wanita-Kacamata-Fashion-i.24548222.16771595397?sp_atk=3ec40b5c-b6dd-4797-9fc8-90156d9cb700&xptdk=3ec40b5c-b6dd-4797-9fc8-90156d9cb700
150,Rowling(ka-230)Kacamata Hitam Terbaru Wanita Titanium Style,5,Alhamdulilah cepet banget pesanan nya sampai cuman 3 hari aja dari jkt ke medan. Pesanan semua lengkap sesuai dengan yang di pesan bagus2 kaca mata nya,https://shopee.co.id/Rowling(ka-230)Kacamata-Hitam-Terbaru-Wanita-Titanium-Style-Kacamata-Fashion-Murah-Kacamata-Sunglasses-Import-Wanita-Kacamata-Fashion-i.24548222.16771595397?sp_atk=3ec40b5c-b6dd-4797-9fc8-90156d9cb700&xptdk=3ec40b5c-b6dd-4797-9fc8-90156d9cb700
151,Zelin Kacamata Tony Stark Bentuk Kotak Desain Iron Man Spiderman Edith untuk Pria / Wanita,3,Barang sudah di terima pengiriman lumayan lama  . . minus penjepit hidung gojlak sayang banget,https://shopee.co.id/Zelin-Kacamata-Tony-Stark-Bentuk-Kotak-Desain-Iron-Man-Spiderman-Edith-untuk-Pria-Wanita-i.167996085.2608233249?sp_atk=9fb50c55-5ae9-46a0-afe6-020e5f813de0&xptdk=9fb50c55-5ae9-46a0-afe6-020e5f813de0
152,Zelin Kacamata Tony Stark Bentuk Kotak Desain Iron Man Spiderman Edith untuk Pria / Wanita,3,Model kacamatanya bagus . minus di pengemasan aja sih. Mungkin tokonya bisa pake box utk pengiriman walaupun harus budget lebih tapi barang kami sampe dengan bagus.,https://shopee.co.id/Zelin-Kacamata-Tony-Stark-Bentuk-Kotak-Desain-Iron-Man-Spiderman-Edith-untuk-Pria-Wanita-i.167996085.2608233249?sp_atk=9fb50c55-5ae9-46a0-afe6-020e5f813de0&xptdk=9fb50c55-5ae9-46a0-afe6-020e5f813de0
153,Zelin Kacamata Tony Stark Bentuk Kotak Desain Iron Man Spiderman Edith untuk Pria / Wanita,3,Kemasan pengiriman gak safety . gak ad pelindungnya Alhasil penyangga hidung dan kuping nya pada bengkok.,https://shopee.co.id/Zelin-Kacamata-Tony-Stark-Bentuk-Kotak-Desain-Iron-Man-Spiderman-Edith-untuk-Pria-Wanita-i.167996085.2608233249?sp_atk=9fb50c55-5ae9-46a0-afe6-020e5f813de0&xptdk=9fb50c55-5ae9-46a0-afe6-020e5f813de0
154,Zelin Kacamata Tony Stark Bentuk Kotak Desain Iron Man Spiderman Edith untuk Pria / Wanita,3,Tidak ada bubble wrap kacamata dtg dgn keadaan gagang bengkok Untung bisa di akalin,https://shopee.co.id/Zelin-Kacamata-Tony-Stark-Bentuk-Kotak-Desain-Iron-Man-Spiderman-Edith-untuk-Pria-Wanita-i.167996085.2608233249?sp_atk=9fb50c55-5ae9-46a0-afe6-020e5f813de0&xptdk=9fb50c55-5ae9-46a0-afe6-020e5f813de0
155,Zelin Kacamata Tony Stark Bentuk Kotak Desain Iron Man Spiderman Edith untuk Pria / Wanita,2,"Kyknya bahan kurang tebal atau packing yg kurang aman jd pas dateng udh penyok"" semua ",https://shopee.co.id/Zelin-Kacamata-Tony-Stark-Bentuk-Kotak-Desain-Iron-Man-Spiderman-Edith-untuk-Pria-Wanita-i.167996085.2608233249?sp_atk=9fb50c55-5ae9-46a0-afe6-020e5f813de0&xptdk=9fb50c55-5ae9-46a0-afe6-020e5f813de0
156,Zelin Kacamata Tony Stark Bentuk Kotak Desain Iron Man Spiderman Edith untuk Pria / Wanita,2,Gak sesuai . masa kacamata nya meleot²,https://shopee.co.id/Zelin-Kacamata-Tony-Stark-Bentuk-Kotak-Desain-Iron-Man-Spiderman-Edith-untuk-Pria-Wanita-i.167996085.2608233249?sp_atk=9fb50c55-5ae9-46a0-afe6-020e5f813de0&xptdk=9fb50c55-5ae9-46a0-afe6-020e5f813de0
157,Zelin Kacamata Tony Stark Bentuk Kotak Desain Iron Man Spiderman Edith untuk Pria / Wanita,4,Packingannya kurang aman krn tdk ada bubble atau kardusnya . lngsung dtumpuk dkresek sperti yg digambar. Untung g ad yg pecah . tp ad 1 yg lecet,https://shopee.co.id/Zelin-Kacamata-Tony-Stark-Bentuk-Kotak-Desain-Iron-Man-Spiderman-Edith-untuk-Pria-Wanita-i.167996085.2608233249?sp_atk=9fb50c55-5ae9-46a0-afe6-020e5f813de0&xptdk=9fb50c55-5ae9-46a0-afe6-020e5f813de0
158,Zelin Kacamata Tony Stark Bentuk Kotak Desain Iron Man Spiderman Edith untuk Pria / Wanita,4,barang nya bagus walaupun pas nyampe sini agak bengkok dikit (karena pengiriman) tapi bisa diperbaiki kok thank youuu,https://shopee.co.id/Zelin-Kacamata-Tony-Stark-Bentuk-Kotak-Desain-Iron-Man-Spiderman-Edith-untuk-Pria-Wanita-i.167996085.2608233249?sp_atk=9fb50c55-5ae9-46a0-afe6-020e5f813de0&xptdk=9fb50c55-5ae9-46a0-afe6-020e5f813de0
159,Zelin Kacamata Tony Stark Bentuk Kotak Desain Iron Man Spiderman Edith untuk Pria / Wanita,1,Masa saya beli dengan keadaan pecah kacanya apa yg mau saya pakai sama aja saya beli barang rongsok? ,https://shopee.co.id/Zelin-Kacamata-Tony-Stark-Bentuk-Kotak-Desain-Iron-Man-Spiderman-Edith-untuk-Pria-Wanita-i.167996085.2608233249?sp_atk=9fb50c55-5ae9-46a0-afe6-020e5f813de0&xptdk=9fb50c55-5ae9-46a0-afe6-020e5f813de0
160,Zelin Kacamata Tony Stark Bentuk Kotak Desain Iron Man Spiderman Edith untuk Pria / Wanita,5,Paket sudah di terima barang sesuai pesanan. Kacamata hitam Tony Stark. semua bagus . pengiriman cepat dari luar negeri. Kurir baik seller amanah,https://shopee.co.id/Zelin-Kacamata-Tony-Stark-Bentuk-Kotak-Desain-Iron-Man-Spiderman-Edith-untuk-Pria-Wanita-i.167996085.2608233249?sp_atk=9fb50c55-5ae9-46a0-afe6-020e5f813de0&xptdk=9fb50c55-5ae9-46a0-afe6-020e5f813de0
161,Kacamata Locs Mafio Gangsta Size Medium,3,Masih suka dengan barangnya . tp berbeda dengan beli sebelumnya packing yng sekarang lebih buruk . tidak dapat kotak . dan lap yng diberikan untuk mengelap kacanya lebih kasar dari pembelian sebelumnya,https://shopee.co.id/KACAMATA-LOCS-MAFIO-GANGSTA-SIZE-MEDIUM-i.269180064.5571815220?sp_atk=ddc38aae-121d-41b1-b733-4524bdd7369d&xptdk=ddc38aae-121d-41b1-b733-4524bdd7369d
162,Kacamata Locs Mafio Gangsta Size Medium,3,Bagus bgt,https://shopee.co.id/KACAMATA-LOCS-MAFIO-GANGSTA-SIZE-MEDIUM-i.269180064.5571815220?sp_atk=ddc38aae-121d-41b1-b733-4524bdd7369d&xptdk=ddc38aae-121d-41b1-b733-4524bdd7369d
163,Kacamata Locs Mafio Gangsta Size Medium,3,bagus sangat recommended,https://shopee.co.id/KACAMATA-LOCS-MAFIO-GANGSTA-SIZE-MEDIUM-i.269180064.5571815220?sp_atk=ddc38aae-121d-41b1-b733-4524bdd7369d&xptdk=ddc38aae-121d-41b1-b733-4524bdd7369d
164,Kacamata Locs Mafio Gangsta Size Medium,3,Kaca matanya patah,https://shopee.co.id/KACAMATA-LOCS-MAFIO-GANGSTA-SIZE-MEDIUM-i.269180064.5571815220?sp_atk=ddc38aae-121d-41b1-b733-4524bdd7369d&xptdk=ddc38aae-121d-41b1-b733-4524bdd7369d
165,Kacamata Locs Mafio Gangsta Size Medium,2,Belum juga ada 1 minggu udah patah,https://shopee.co.id/KACAMATA-LOCS-MAFIO-GANGSTA-SIZE-MEDIUM-i.269180064.5571815220?sp_atk=ddc38aae-121d-41b1-b733-4524bdd7369d&xptdk=ddc38aae-121d-41b1-b733-4524bdd7369d
166,Kacamata Locs Mafio Gangsta Size Medium,2,Kacanya pecah,https://shopee.co.id/KACAMATA-LOCS-MAFIO-GANGSTA-SIZE-MEDIUM-i.269180064.5571815220?sp_atk=ddc38aae-121d-41b1-b733-4524bdd7369d&xptdk=ddc38aae-121d-41b1-b733-4524bdd7369d
167,Kacamata Locs Mafio Gangsta Size Medium,4,ntah kenapa paket sampe keadaannya udah kotor kaya abis jatoh ntah dari kurir dsini atau disana . tapi untungnya pas di cek kondisi kacamata aman gak ada yang patah / rusak .. bagus suka dengan kacamatanya kokoh,https://shopee.co.id/KACAMATA-LOCS-MAFIO-GANGSTA-SIZE-MEDIUM-i.269180064.5571815220?sp_atk=ddc38aae-121d-41b1-b733-4524bdd7369d&xptdk=ddc38aae-121d-41b1-b733-4524bdd7369d
168,Kacamata Locs Mafio Gangsta Size Medium,4,Kaca mata nya jelas keren dan aman dlm kemasan mantap sukses trus yah seller ,https://shopee.co.id/KACAMATA-LOCS-MAFIO-GANGSTA-SIZE-MEDIUM-i.269180064.5571815220?sp_atk=ddc38aae-121d-41b1-b733-4524bdd7369d&xptdk=ddc38aae-121d-41b1-b733-4524bdd7369d
169,Kacamata Locs Mafio Gangsta Size Medium,1,Barang bagus cuma kurir nya agak lambat,https://shopee.co.id/KACAMATA-LOCS-MAFIO-GANGSTA-SIZE-MEDIUM-i.269180064.5571815220?sp_atk=ddc38aae-121d-41b1-b733-4524bdd7369d&xptdk=ddc38aae-121d-41b1-b733-4524bdd7369d
170,Kacamata Locs Mafio Gangsta Size Medium,5,Baru coba beli dsini ok juga barang ny pas bgt ..pengiriman agak sikit lama tp gpp yg penting barang sampai aman sukses y,https://shopee.co.id/KACAMATA-LOCS-MAFIO-GANGSTA-SIZE-MEDIUM-i.269180064.5571815220?sp_atk=ddc38aae-121d-41b1-b733-4524bdd7369d&xptdk=ddc38aae-121d-41b1-b733-4524bdd7369d
171,Kacamata Eternity (All Colors),5,warna oke ga ada yang lecet sama sekali,https://shopee.co.id/Sunglasess-Kacamata-Eternity-All-Colors-Snackingchoices-i.53885481.19843390423?sp_atk=671db40f-78c2-4661-b199-8e3821e3d222&xptdk=671db40f-78c2-4661-b199-8e3821e3d222
172,Kacamata Eternity (All Colors),4,Packingan rapih dan aman pake bubble wrap. Buat kacamatanya bagus dan stylish,https://shopee.co.id/Sunglasess-Kacamata-Eternity-All-Colors-Snackingchoices-i.53885481.19843390423?sp_atk=671db40f-78c2-4661-b199-8e3821e3d222&xptdk=671db40f-78c2-4661-b199-8e3821e3d222
173,Kacamata Eternity (All Colors),3,Agak kekecilan jdi klo order sesuaikan dg ukuran dan bentuk wajah,https://shopee.co.id/Sunglasess-Kacamata-Eternity-All-Colors-Snackingchoices-i.53885481.19843390423?sp_atk=671db40f-78c2-4661-b199-8e3821e3d222&xptdk=671db40f-78c2-4661-b199-8e3821e3d222
174,Kacamata Eternity (All Colors),3,Maaf ga sesuai . tapi pesanan udah diterima. Sayang kacamatanya kekecilan. Jadi agak sempit pas dipake.,https://shopee.co.id/Sunglasess-Kacamata-Eternity-All-Colors-Snackingchoices-i.53885481.19843390423?sp_atk=671db40f-78c2-4661-b199-8e3821e3d222&xptdk=671db40f-78c2-4661-b199-8e3821e3d222
175,Kacamata Eternity (All Colors),2,kecil banget kacamatanya kyk kcamata anak sd,https://shopee.co.id/Sunglasess-Kacamata-Eternity-All-Colors-Snackingchoices-i.53885481.19843390423?sp_atk=671db40f-78c2-4661-b199-8e3821e3d222&xptdk=671db40f-78c2-4661-b199-8e3821e3d222
176,Kacamata Eternity (All Colors),2,Saya pesen yg frame nya transparan satu ko datengnya item duadua nya,https://shopee.co.id/Sunglasess-Kacamata-Eternity-All-Colors-Snackingchoices-i.53885481.19843390423?sp_atk=671db40f-78c2-4661-b199-8e3821e3d222&xptdk=671db40f-78c2-4661-b199-8e3821e3d222
177,Kacamata Eternity (All Colors),5,lumayan murah lah dengan harga segini dapet kacamata yang bagus kaya gini amanah Dateng sesuai pesanan ga nyesel deh beli di toko ini,https://shopee.co.id/Sunglasess-Kacamata-Eternity-All-Colors-Snackingchoices-i.53885481.19843390423?sp_atk=671db40f-78c2-4661-b199-8e3821e3d222&xptdk=671db40f-78c2-4661-b199-8e3821e3d222
178,Kacamata Eternity (All Colors),4,Kacamatanya bagus . tp kayak agak kecil sihh kalo dipake sama org dewasa . packing aman dan semoga semakin amanah yaaa,https://shopee.co.id/Sunglasess-Kacamata-Eternity-All-Colors-Snackingchoices-i.53885481.19843390423?sp_atk=671db40f-78c2-4661-b199-8e3821e3d222&xptdk=671db40f-78c2-4661-b199-8e3821e3d222
179,Kacamata Eternity (All Colors),1,kacanya crack di bagian pojok idk dr pengirimannya atau dari sananya,https://shopee.co.id/Sunglasess-Kacamata-Eternity-All-Colors-Snackingchoices-i.53885481.19843390423?sp_atk=671db40f-78c2-4661-b199-8e3821e3d222&xptdk=671db40f-78c2-4661-b199-8e3821e3d222
180,Kacamata Eternity (All Colors),5,Bagus sesuai gambar... pengiriman cepet... Packingan dijamin aman poll Joss wkwk.. rekomendasi buat di beli,https://shopee.co.id/Sunglasess-Kacamata-Eternity-All-Colors-Snackingchoices-i.53885481.19843390423?sp_atk=671db40f-78c2-4661-b199-8e3821e3d222&xptdk=671db40f-78c2-4661-b199-8e3821e3d222
181,Kacamata Fashion Trendy Anak - Kacamata Anak Bulat Kartun Import,3,Maaf aku kasih bintang 3 . karna barang nya tidak ada dalam paket shopee. lain kali lebih teliti ya masukin dan nge-packing barang nya . saya yg rugi kalo bgni mah . padahal udah sering belanja di sini tapi kali ini sedikit kecewa sama pelayananya makasih . aku tetep sering order ke sini kok.,https://shopee.co.id/Kacamata-Fashion-Trendy-Anak-Kacamata-Anak-Bulat-Kartun-Import-i.28824240.14510696070?sp_atk=671a0d75-b37a-4f95-95d7-b61956f288e0&xptdk=671a0d75-b37a-4f95-95d7-b61956f288e0
182,Kacamata Fashion Trendy Anak - Kacamata Anak Bulat Kartun Import,3,"maaf sya kecewa dgn toko ini krn sdh yg k 3x pesan dsni dan yg k 2x brg sya tdk d kirimkan dan utk pengembalian dana tdk d respon dgn baik cuma sampai d tny"" dan hny d ulur"" wkt saja sampe sya bosan",https://shopee.co.id/Kacamata-Fashion-Trendy-Anak-Kacamata-Anak-Bulat-Kartun-Import-i.28824240.14510696070?sp_atk=671a0d75-b37a-4f95-95d7-b61956f288e0&xptdk=671a0d75-b37a-4f95-95d7-b61956f288e0
183,Kacamata Fashion Trendy Anak - Kacamata Anak Bulat Kartun Import,3,Baret . kayanya bukan karna proses pengiriman deh soalnya plastik kacamata nya masih aman . lain kali lebih di perhatikan,https://shopee.co.id/Kacamata-Fashion-Trendy-Anak-Kacamata-Anak-Bulat-Kartun-Import-i.28824240.14510696070?sp_atk=671a0d75-b37a-4f95-95d7-b61956f288e0&xptdk=671a0d75-b37a-4f95-95d7-b61956f288e0
184,Kacamata Fashion Trendy Anak - Kacamata Anak Bulat Kartun Import,3,Pelayanan ny lama . bang kurir ny ramah . packing ny mah ok lah.,https://shopee.co.id/Kacamata-Fashion-Trendy-Anak-Kacamata-Anak-Bulat-Kartun-Import-i.28824240.14510696070?sp_atk=671a0d75-b37a-4f95-95d7-b61956f288e0&xptdk=671a0d75-b37a-4f95-95d7-b61956f288e0
185,Kacamata Fashion Trendy Anak - Kacamata Anak Bulat Kartun Import,2,Barang tidak ada tanpa konfirmasi dulu . tapi diganti sama kacamata hitam lancip . jadi double kacamata tsb,https://shopee.co.id/Kacamata-Fashion-Trendy-Anak-Kacamata-Anak-Bulat-Kartun-Import-i.28824240.14510696070?sp_atk=671a0d75-b37a-4f95-95d7-b61956f288e0&xptdk=671a0d75-b37a-4f95-95d7-b61956f288e0
186,Kacamata Fashion Trendy Anak - Kacamata Anak Bulat Kartun Import,2,Kirain kacanya warna hitam. Eh taunya warna kuning. Beda ama difotonya,https://shopee.co.id/Kacamata-Fashion-Trendy-Anak-Kacamata-Anak-Bulat-Kartun-Import-i.28824240.14510696070?sp_atk=671a0d75-b37a-4f95-95d7-b61956f288e0&xptdk=671a0d75-b37a-4f95-95d7-b61956f288e0
187,Kacamata Fashion Trendy Anak - Kacamata Anak Bulat Kartun Import,4,Barang uda Lama Sampe . Maaf bru smpet ksih review skrg . Kualitas Ok . bagus banget . harga ny murah meriah . pengiriman cpet . respon penjual Ok...,https://shopee.co.id/Kacamata-Fashion-Trendy-Anak-Kacamata-Anak-Bulat-Kartun-Import-i.28824240.14510696070?sp_atk=671a0d75-b37a-4f95-95d7-b61956f288e0&xptdk=671a0d75-b37a-4f95-95d7-b61956f288e0
188,Kacamata Fashion Trendy Anak - Kacamata Anak Bulat Kartun Import,4,Packing sih aman pengiriman cepat tapi yg aku bingung disitu keterangannya ungu tua apakah ini ungu tua .ko lebih ke coklat ya,https://shopee.co.id/Kacamata-Fashion-Trendy-Anak-Kacamata-Anak-Bulat-Kartun-Import-i.28824240.14510696070?sp_atk=671a0d75-b37a-4f95-95d7-b61956f288e0&xptdk=671a0d75-b37a-4f95-95d7-b61956f288e0
189,Kacamata Fashion Trendy Anak - Kacamata Anak Bulat Kartun Import,1,Tanpa konfirmasi langsung kirim warna yg beda. Minta ajukan pengembalian tapi ga bisa. Walo harga murah tapi harus amanah.,https://shopee.co.id/Kacamata-Fashion-Trendy-Anak-Kacamata-Anak-Bulat-Kartun-Import-i.28824240.14510696070?sp_atk=671a0d75-b37a-4f95-95d7-b61956f288e0&xptdk=671a0d75-b37a-4f95-95d7-b61956f288e0
190,Kacamata Fashion Trendy Anak - Kacamata Anak Bulat Kartun Import,5,Terimakasih produk sudah datang pengiriman cepet pengemasan juga cepat packing bagus tebal bubble wrap nya tebel kacamata nya pake plastik Ples bubble wrap pokonya bagus banget deh terimakasih,https://shopee.co.id/Kacamata-Fashion-Trendy-Anak-Kacamata-Anak-Bulat-Kartun-Import-i.28824240.14510696070?sp_atk=671a0d75-b37a-4f95-95d7-b61956f288e0&xptdk=671a0d75-b37a-4f95-95d7-b61956f288e0
191,Kacamata Thug Life Mosaic Pria/Wanita,3,Aku pesan 2 malah datang 1,https://shopee.co.id/PL-WW001-%E2%9C%A8PROMO%E2%9C%A8-K302-Kacamata-Thug-Life-Mosaic-Pria-Wanita-Fashion-Murah-Batam-Sunglasses-Import-i.610272037.15214298713?sp_atk=6780159f-f26c-4433-b28c-a707505fd84b&xptdk=6780159f-f26c-4433-b28c-a707505fd84b
192,Kacamata Thug Life Mosaic Pria/Wanita,3,barang bagus sesuai dengan pesanan,https://shopee.co.id/PL-WW001-%E2%9C%A8PROMO%E2%9C%A8-K302-Kacamata-Thug-Life-Mosaic-Pria-Wanita-Fashion-Murah-Batam-Sunglasses-Import-i.610272037.15214298713?sp_atk=6780159f-f26c-4433-b28c-a707505fd84b&xptdk=6780159f-f26c-4433-b28c-a707505fd84b
193,Kacamata Thug Life Mosaic Pria/Wanita,3,penyangganya kadang lepas,https://shopee.co.id/PL-WW001-%E2%9C%A8PROMO%E2%9C%A8-K302-Kacamata-Thug-Life-Mosaic-Pria-Wanita-Fashion-Murah-Batam-Sunglasses-Import-i.610272037.15214298713?sp_atk=6780159f-f26c-4433-b28c-a707505fd84b&xptdk=6780159f-f26c-4433-b28c-a707505fd84b
194,Kacamata Thug Life Mosaic Pria/Wanita,3,Pesanan tidak sesuai,https://shopee.co.id/PL-WW001-%E2%9C%A8PROMO%E2%9C%A8-K302-Kacamata-Thug-Life-Mosaic-Pria-Wanita-Fashion-Murah-Batam-Sunglasses-Import-i.610272037.15214298713?sp_atk=6780159f-f26c-4433-b28c-a707505fd84b&xptdk=6780159f-f26c-4433-b28c-a707505fd84b
195,Kacamata Thug Life Mosaic Pria/Wanita,2,Yang dipesan kacamata yang datang sarungnya doang.,https://shopee.co.id/PL-WW001-%E2%9C%A8PROMO%E2%9C%A8-K302-Kacamata-Thug-Life-Mosaic-Pria-Wanita-Fashion-Murah-Batam-Sunglasses-Import-i.610272037.15214298713?sp_atk=6780159f-f26c-4433-b28c-a707505fd84b&xptdk=6780159f-f26c-4433-b28c-a707505fd84b
196,Kacamata Thug Life Mosaic Pria/Wanita,2,ini tidak sesuai dengan keinginan,https://shopee.co.id/PL-WW001-%E2%9C%A8PROMO%E2%9C%A8-K302-Kacamata-Thug-Life-Mosaic-Pria-Wanita-Fashion-Murah-Batam-Sunglasses-Import-i.610272037.15214298713?sp_atk=6780159f-f26c-4433-b28c-a707505fd84b&xptdk=6780159f-f26c-4433-b28c-a707505fd84b
197,Kacamata Thug Life Mosaic Pria/Wanita,4,Bahan plastik . anak ku senang sekali kacamatanya dtg . makasih seller dan kurirnya semoga tetap jaga selalu,https://shopee.co.id/PL-WW001-%E2%9C%A8PROMO%E2%9C%A8-K302-Kacamata-Thug-Life-Mosaic-Pria-Wanita-Fashion-Murah-Batam-Sunglasses-Import-i.610272037.15214298713?sp_atk=6780159f-f26c-4433-b28c-a707505fd84b&xptdk=6780159f-f26c-4433-b28c-a707505fd84b
198,Kacamata Thug Life Mosaic Pria/Wanita,4,ini pas banget di pake nya dan nyaman,https://shopee.co.id/PL-WW001-%E2%9C%A8PROMO%E2%9C%A8-K302-Kacamata-Thug-Life-Mosaic-Pria-Wanita-Fashion-Murah-Batam-Sunglasses-Import-i.610272037.15214298713?sp_atk=6780159f-f26c-4433-b28c-a707505fd84b&xptdk=6780159f-f26c-4433-b28c-a707505fd84b
199,Kacamata Thug Life Mosaic Pria/Wanita,1,pesen kaca mata yg dtg cmn sarung gak amanah ni toko dasar penipu,https://shopee.co.id/PL-WW001-%E2%9C%A8PROMO%E2%9C%A8-K302-Kacamata-Thug-Life-Mosaic-Pria-Wanita-Fashion-Murah-Batam-Sunglasses-Import-i.610272037.15214298713?sp_atk=6780159f-f26c-4433-b28c-a707505fd84b&xptdk=6780159f-f26c-4433-b28c-a707505fd84b
200,Kacamata Thug Life Mosaic Pria/Wanita,5,Luar biasa sesuai menarik dan seneng banget anak saya top,https://shopee.co.id/PL-WW001-%E2%9C%A8PROMO%E2%9C%A8-K302-Kacamata-Thug-Life-Mosaic-Pria-Wanita-Fashion-Murah-Batam-Sunglasses-Import-i.610272037.15214298713?sp_atk=6780159f-f26c-4433-b28c-a707505fd84b&xptdk=6780159f-f26c-4433-b28c-a707505fd84b
201,Korean Fashion Bulat Mata Kucing Kacamata Hitam Wanita/Pria Sunglasses,3,sesuai harga lah .gk berat dipakai juga ok . tpi ketika dipakai .wrnanya tidak terlalu hitam,https://shopee.co.id/%EF%BC%BBBayar-di-Tempat%EF%BC%BDKorean-Fashion-Bulat-Mata-Kucing-Kacamata-Hitam-Wanita-Pria-Sunglasses-i.28824240.4250400532?sp_atk=49376fd9-ce6f-4fd7-9793-7217ca011577&xptdk=49376fd9-ce6f-4fd7-9793-7217ca011577
202,Korean Fashion Bulat Mata Kucing Kacamata Hitam Wanita/Pria Sunglasses,3,Dengan harga segitu wajar sihh kita ng perlu ekspektasi lebih . ini aja lain yang dipesan yg datang malah beda. Yang datang malah kacamata anak bukan untuk dewasa. Itsokay lah pelajaran untuk kedepannya,https://shopee.co.id/%EF%BC%BBBayar-di-Tempat%EF%BC%BDKorean-Fashion-Bulat-Mata-Kucing-Kacamata-Hitam-Wanita-Pria-Sunglasses-i.28824240.4250400532?sp_atk=49376fd9-ce6f-4fd7-9793-7217ca011577&xptdk=49376fd9-ce6f-4fd7-9793-7217ca011577
203,Korean Fashion Bulat Mata Kucing Kacamata Hitam Wanita/Pria Sunglasses,3,Kualitas sih oke bagus . cmn sayang nya Kaca nya gelap buangets... Jd gak nyaman make nya,https://shopee.co.id/%EF%BC%BBBayar-di-Tempat%EF%BC%BDKorean-Fashion-Bulat-Mata-Kucing-Kacamata-Hitam-Wanita-Pria-Sunglasses-i.28824240.4250400532?sp_atk=49376fd9-ce6f-4fd7-9793-7217ca011577&xptdk=49376fd9-ce6f-4fd7-9793-7217ca011577
204,Korean Fashion Bulat Mata Kucing Kacamata Hitam Wanita/Pria Sunglasses,3,Kualitas produk nya ya standar .sesuai dgn harga yg murah meriahh,https://shopee.co.id/%EF%BC%BBBayar-di-Tempat%EF%BC%BDKorean-Fashion-Bulat-Mata-Kucing-Kacamata-Hitam-Wanita-Pria-Sunglasses-i.28824240.4250400532?sp_atk=49376fd9-ce6f-4fd7-9793-7217ca011577&xptdk=49376fd9-ce6f-4fd7-9793-7217ca011577
205,Korean Fashion Bulat Mata Kucing Kacamata Hitam Wanita/Pria Sunglasses,2,Yg ini lensanya sudah lepas yg warna coklat yg hitam bagus suka bgt . . gagang kacamatanya bagus,https://shopee.co.id/%EF%BC%BBBayar-di-Tempat%EF%BC%BDKorean-Fashion-Bulat-Mata-Kucing-Kacamata-Hitam-Wanita-Pria-Sunglasses-i.28824240.4250400532?sp_atk=49376fd9-ce6f-4fd7-9793-7217ca011577&xptdk=49376fd9-ce6f-4fd7-9793-7217ca011577
206,Korean Fashion Bulat Mata Kucing Kacamata Hitam Wanita/Pria Sunglasses,2,Padahal mesan nya 3 item tapi yang di kirim cuma satu. Maaf banget ngasih bintang nya sedikit. ,https://shopee.co.id/%EF%BC%BBBayar-di-Tempat%EF%BC%BDKorean-Fashion-Bulat-Mata-Kucing-Kacamata-Hitam-Wanita-Pria-Sunglasses-i.28824240.4250400532?sp_atk=49376fd9-ce6f-4fd7-9793-7217ca011577&xptdk=49376fd9-ce6f-4fd7-9793-7217ca011577
207,Korean Fashion Bulat Mata Kucing Kacamata Hitam Wanita/Pria Sunglasses,4,Kacamata nya bagus . tp sayang yg item retak. Lain kali kalo kemas di dobelin bublewarp dong barang nya yg mudah pecah. Sayang bgt padahal,https://shopee.co.id/%EF%BC%BBBayar-di-Tempat%EF%BC%BDKorean-Fashion-Bulat-Mata-Kucing-Kacamata-Hitam-Wanita-Pria-Sunglasses-i.28824240.4250400532?sp_atk=49376fd9-ce6f-4fd7-9793-7217ca011577&xptdk=49376fd9-ce6f-4fd7-9793-7217ca011577
208,Korean Fashion Bulat Mata Kucing Kacamata Hitam Wanita/Pria Sunglasses,4,Barang bagus . packing aman . pengiriman termasuk lama . pokoknya puas belanja di toko ini  . next order disini lagi . thanks seller pertahankan pelayanannya,https://shopee.co.id/%EF%BC%BBBayar-di-Tempat%EF%BC%BDKorean-Fashion-Bulat-Mata-Kucing-Kacamata-Hitam-Wanita-Pria-Sunglasses-i.28824240.4250400532?sp_atk=49376fd9-ce6f-4fd7-9793-7217ca011577&xptdk=49376fd9-ce6f-4fd7-9793-7217ca011577
209,Korean Fashion Bulat Mata Kucing Kacamata Hitam Wanita/Pria Sunglasses,1,Penjual mengecewakan . tidak bisa cancel padahal saya mau order lgi . ganti warna juga ga bisa padahal harga sama . ribet penjualnya,https://shopee.co.id/%EF%BC%BBBayar-di-Tempat%EF%BC%BDKorean-Fashion-Bulat-Mata-Kucing-Kacamata-Hitam-Wanita-Pria-Sunglasses-i.28824240.4250400532?sp_atk=49376fd9-ce6f-4fd7-9793-7217ca011577&xptdk=49376fd9-ce6f-4fd7-9793-7217ca011577
210,Korean Fashion Bulat Mata Kucing Kacamata Hitam Wanita/Pria Sunglasses,5,Kualitas baik sesuai harga . pengiriman dan pengemasan sangat cepat . seller amanah . baik . dan respond cepat,https://shopee.co.id/%EF%BC%BBBayar-di-Tempat%EF%BC%BDKorean-Fashion-Bulat-Mata-Kucing-Kacamata-Hitam-Wanita-Pria-Sunglasses-i.28824240.4250400532?sp_atk=49376fd9-ce6f-4fd7-9793-7217ca011577&xptdk=49376fd9-ce6f-4fd7-9793-7217ca011577
